{
  "Unique ID": {
    "type": "string",
    "key_name": "unique_id",
    "required": true
  },
  "Source": {
    "type": "string",
    "key_name": "source",
    "required": true
  },
  "SR Number / Library code": {
    "type": "string",
    "key_name": "sr_number",
    "required": true
  },
  "Option #": {
    "type": "string",
    "key_name": "option_number",
    "required": true
  },
  "Design Label": {
    "type": "string",
    "key_name": "design_name",
    "required": true
  },
  "Design Description": {
    "type": "string",
    "key_name": "design_short_description",
    "required": true
  },
  "Design Long Description": {
    "type": "string",
    "key_name": "design_long_description",
    "required": true
  },
  "Linked 2D Rendered Plan JPG ID G": {
    "type": "image_link",
    "key_name": "files.two_d_rendered_plan_jpg.ground",
    "required": true
  },
  "Linked 2D Rendered Plan JPG ID G+1": {
    "type": "image_link",
    "key_name": "files.two_d_rendered_plan_jpg.ground_plus_one",
    "required": true
  },
  "Linked 2D Rendered Plan JPG ID G+2": {
    "type": "image_link",
    "key_name": "files.two_d_rendered_plan_jpg.ground_plus_two",
    "required": true
  },
  "Linked 2D Rendered Plan JPG ID G+3": {
    "type": "image_link",
    "key_name": "files.two_d_rendered_plan_jpg.ground_plus_three",
    "required": true
  },
  "Linked 2D Rendered Plan JPG ID G+4": {
    "type": "image_link",
    "key_name": "files.two_d_rendered_plan_jpg.ground_plus_four",
    "required": true
  },
  "Linked 2D Rendered Plan JPG ID G+n": {
    "type": "image_link",
    "key_name": "files.two_d_rendered_plan_jpg.above_ground_plus_four",
    "required": true
  },
  "Linked 2D Rendered Plan PDF ID G": {
    "type": "image_link",
    "key_name": "files.two_d_rendered_plan_pdf.ground",
    "required": true
  },
  "Linked 2D Rendered Plan PDF ID G+1": {
    "type": "image_link",
    "key_name": "files.two_d_rendered_plan_pdf.ground_plus_one",
    "required": true
  },
  "Linked 2D Rendered Plan PDF ID G+2": {
    "type": "image_link",
    "key_name": "files.two_d_rendered_plan_pdf.ground_plus_two",
    "required": true
  },
  "Linked 2D Rendered Plan PDF ID G+3": {
    "type": "image_link",
    "key_name": "files.two_d_rendered_plan_pdf.ground_plus_three",
    "required": true
  },
  "Linked 2D Rendered Plan PDF ID G+4": {
    "type": "image_link",
    "key_name": "files.two_d_rendered_plan_pdf.ground_plus_four",
    "required": true
  },
  "Linked 2D Rendered Plan PDF ID G+n": {
    "type": "image_link",
    "key_name": "files.two_d_rendered_plan_pdf.above_ground_plus_four",
    "required": true
  },
  "Linked 2D Line Drawing JPG ID": {
    "type": "image_link",
    "key_name": "files.two_d_line_drawing_jpg.two_d_line_drawing_jpg_id",
    "required": true
  },
  "Linked 3D Design ID Front": {
    "type": "image_link",
    "key_name": "files.three_d_design_id.front",
    "required": true
  },
  "Linked 3D Design ID Right": {
    "type": "image_link",
    "key_name": "files.three_d_design_id.right_side",
    "required": true
  },
  "Linked 3D Design ID Left": {
    "type": "image_link",
    "key_name": "files.three_d_design_id.left_side",
    "required": true
  },
  "Linked 3D Design ID Rear": {
    "type": "image_link",
    "key_name": "files.three_d_design_id.rear_side",
    "required": true
  },
  "Linked 3D Design ID Internal": {
    "type": "image_link",
    "key_name": "files.three_d_design_id.internal",
    "required": true
  },
  "3D Cut ISO JPG- G": {
    "type": "image_link",
    "key_name": "files.three_d_cut_iso_jpg.ground",
    "required": true
  },
  "3D Cut ISO JPG- G+1": {
    "type": "image_link",
    "key_name": "files.three_d_cut_iso_jpg.ground_plus_one",
    "required": true
  },
  "3D Cut ISO JPG- G+2": {
    "type": "image_link",
    "key_name": "files.three_d_cut_iso_jpg.ground_plus_two",
    "required": true
  },
  "3D Cut ISO JPG- G+3": {
    "type": "image_link",
    "key_name": "files.three_d_cut_iso_jpg.ground_plus_three",
    "required": true
  },
  "3D Cut ISO JPG- G+4": {
    "type": "image_link",
    "key_name": "files.three_d_cut_iso_jpg.ground_plus_four",
    "required": true
  },
  "3D Cut ISO JPG- G+n": {
    "type": "image_link",
    "key_name": "files.three_d_cut_iso_jpg.above_ground_plus_four",
    "required": true
  },
  "Linked Estimation ID": {
    "type": "image_link",
    "key_name": "files.linked_estimation_id.estimation_id",
    "required": true
  },
  "Sketch up file ID": {
    "type": "image_link",
    "key_name": "files.linked_stetch_up_file.sketch_up_file_id",
    "required": true
  },
  "Linked DWG file ID": {
    "type": "image_link",
    "key_name": "files.linked_dwg_file.linked_dwg_file_id",
    "required": true
  },
  "Linked PSD file ID": {
    "type": "image_link",
    "key_name": "files.linked_psd_file.linked_psd_file_id",
    "required": true
  },
  "Linked PPT file ID": {
    "type": "image_link",
    "key_name": "files.linked_ppt_file.linked_ppt_file_id",
    "required": true
  },
  "Utech PRO file link ID": {
    "type": "image_link",
    "key_name": "files.utec_pro_link.utec_pro_link_id",
    "required": true
  },
  "Suitable Plot Area (based on 65% GC)": {
    "type": "number",
    "key_name": "plot_details.plot_area",
    "required": true
  },
  "Suitable Plot Length": {
    "type": "number",
    "key_name": "plot_details.plot_length",
    "required": true
  },
  "Suitable Plot Width": {
    "type": "number",
    "key_name": "plot_details.plot_width",
    "required": true
  },
  "Plot Shape": {
    "type": "dropdown",
    "key_name": "plot_details.plot_shape",
    "required": true,
    "values": [
      "L shaped",
      "Trapezoidal",
      "Rectangle",
      "Square"
    ]
  },
  "Left Set Back": {
    "type": "number",
    "key_name": "plot_details.left_set_back",
    "required": true
  },
  "Right Set Back": {
    "type": "number",
    "key_name": "plot_details.right_set_back",
    "required": true
  },
  "Front Set Back": {
    "type": "number",
    "key_name": "plot_details.front_set_back",
    "required": true
  },
  "Rear Set Back": {
    "type": "number",
    "key_name": "plot_details.rear_set_back",
    "required": true
  },
  "# Open Sides of the Plot": {
    "type": "number",
    "key_name": "plot_details.open_sides_of_the_plot",
    "required": true
  },
  "Typology": {
    "type": "dropdown",
    "key_name": "project_details.typology",
    "required": true,
    "values": [
      "Residential",
      "Multiple Residential Units",
      "Residential Twin Structure",
      "Residential and Commercial",
      "Commercial"
    ]
  },
  "Estimated Cost of Construction": {
    "type": "number",
    "key_name": "project_details.estimated_cost_of_construction",
    "required": true
  },
  "Built up area": {
    "type": "number",
    "key_name": "project_details.builtup_area",
    "required": true
  },
  "Floor Plate Area of Ground Floor": {
    "type": "number",
    "key_name": "project_details.floor_plate_area_of_ground_floor",
    "required": true
  },
  "Floor Plate Length": {
    "type": "number",
    "key_name": "project_details.floor_plate_length",
    "required": true
  },
  "Floor Plate Width (Entrance Side)": {
    "type": "number",
    "key_name": "project_details.floor_plate_width",
    "required": true
  },
  "# Floors": {
    "type": "dropdown",
    "key_name": "project_details.floors",
    "required": true,
    "values": [
      "G",
      "G+1",
      "G+2",
      "G+3",
      "G+4",
      "G+n"
    ]
  },
  "# Bedrooms": {
    "type": "number",
    "key_name": "project_details.bedrooms",
    "required": true
  },
  "# Shared Wall (building)": {
    "type": "number",
    "key_name": "project_details.shared_wall",
    "required": true
  },
  "For 2 Shared wall, Adjacent / Parallel": {
    "type": "dropdown",
    "key_name": "project_details.for_two_shared_wall_adjacent_parallel",
    "required": true,
    "values": [
      "Adjacent",
      "Parallel"
    ]
  },
  "Space Allocation": {
    "type": "dropdown",
    "key_name": "project_details.space_allocation",
    "required": true,
    "values": [
      "Private",
      "Balanced",
      "Family"
    ]
  },
  "Style": {
    "type": "dropdown",
    "key_name": "project_details.style",
    "required": true,
    "values": [
      "Stilt",
      "Porch",
      "Courtyard",
      "General"
    ]
  },
  "Low Range Budget": {
    "type": "number",
    "key_name": "project_details.low_range_budget",
    "required": true
  },
  "High Range Budget": {
    "type": "number",
    "key_name": "project_details.high_range_budget",
    "required": true
  },
  "Weather Conditions": {
    "type": "string",
    "key_name": "geography.weather_condition",
    "required": true
  },
  "State": {
    "type": "string",
    "key_name": "geography.state",
    "required": true
  },
  "City": {
    "type": "string",
    "key_name": "geography.city",
    "required": true
  },
  "District": {
    "type": "string",
    "key_name": "geography.district",
    "required": true
  },
  "Geo Coordinates": {
    "type": "string",
    "key_name": "geography.geo_coordinates",
    "required": true
  },
  "Pincode": {
    "type": "number",
    "key_name": "geography.pincode",
    "required": true
  },
  "Budget": {
    "type": "string",
    "key_name": "geography.budget",
    "required": true
  },
  "Total Number of Family Members": {
    "type": "number",
    "key_name": "family_details.total_family_members",
    "required": true
  },
  "Number of Senior Citizens (age 60+)": {
    "type": "number",
    "key_name": "family_details.number_of_senior_citizen",
    "required": true
  },
  "Number of Adults (age 20 - 60)": {
    "type": "number",
    "key_name": "family_details.number_of_adults",
    "required": true
  },
  "Number of Children (age  4 - 19)": {
    "type": "number",
    "key_name": "family_details.number_of_children",
    "required": true
  },
  "Number of Infants (age 0 - 3)": {
    "type": "number",
    "key_name": "family_details.number_of_infants",
    "required": true
  },
  "Basement": {
    "type": "dropdown",
    "key_name": "parking.basement",
    "required": true,
    "values": [
      "YES",
      "NO"
    ]
  },
  "Stilts": {
    "type": "dropdown",
    "key_name": "parking.stilts",
    "required": true,
    "values": [
      "YES",
      "NO"
    ]
  },
  "# 2 Wheeler Parking": {
    "type": "number",
    "key_name": "parking.two_wheeler_parking",
    "required": true
  },
  "# 4 Wheeler Parking": {
    "type": "number",
    "key_name": "parking.four_wheeler_parking",
    "required": true
  },
  "Maximum 3 stairs to enter the Ground Floor": {
    "type": "dropdown",
    "key_name": "senior_citizen_friendly.max_three_stairs_to_enter_the_ground_floor",
    "required": true,
    "values": [
      "YES",
      "NO"
    ]
  },
  "1 BHK present on the Ground Floor": {
    "type": "dropdown",
    "key_name": "senior_citizen_friendly.one_bhk_on_ground_floor",
    "required": true,
    "values": [
      "YES",
      "NO"
    ]
  },
  "Provision of Ramp": {
    "type": "dropdown",
    "key_name": "senior_citizen_friendly.provision_of_ramp",
    "required": true,
    "values": [
      "YES",
      "NO"
    ]
  },
  "Vaastu Compliant": {
    "type": "dropdown",
    "key_name": "vaastu_compliancy.vaastu_compliant",
    "required": true,
    "values": [
      "YES",
      "NO"
    ]
  },
  "Entry Direction": {
    "type": "dropdown",
    "key_name": "vaastu_compliancy.entry_direction",
    "required": true,
    "values": [
      "North",
      "South",
      "East",
      "West",
      "NE",
      "NW",
      "SE",
      "SW"
    ]
  },
  "Orientation of the Kitchen": {
    "type": "dropdown",
    "key_name": "vaastu_compliancy.orientation_of_kitchen",
    "required": true,
    "values": [
      "North",
      "South",
      "East",
      "West",
      "NE",
      "NW",
      "SE",
      "SW"
    ]
  },
  "Orientation of Pooja Room": {
    "type": "dropdown",
    "key_name": "vaastu_compliancy.orientation_of_pooja_room",
    "required": true,
    "values": [
      "North",
      "South",
      "East",
      "West",
      "NE",
      "NW",
      "SE",
      "SW"
    ]
  },
  "Orientation of Master Bedroom": {
    "type": "dropdown",
    "key_name": "vaastu_compliancy.orientation_of_master_bedrrom",
    "required": true,
    "values": [
      "North",
      "South",
      "East",
      "West",
      "NE",
      "NW",
      "SE",
      "SW"
    ]
  },
  "# Total Bathrooms": {
    "type": "number",
    "key_name": "rooms.total_bathrooms",
    "required": true
  },
  "# Attached Bathrooms": {
    "type": "number",
    "key_name": "rooms.attached_bathrooms",
    "required": true
  },
  "# Common Bathrooms": {
    "type": "number",
    "key_name": "rooms.common_bathrooms",
    "required": true
  },
  "# Dining Room": {
    "type": "number",
    "key_name": "rooms.dining_room",
    "required": true
  },
  "# Living Room": {
    "type": "number",
    "key_name": "rooms.living_room",
    "required": true
  },
  "# Kitchen": {
    "type": "number",
    "key_name": "rooms.kitchen",
    "required": true
  },
  "# Family Room": {
    "type": "number",
    "key_name": "rooms.family_room",
    "required": true
  },
  "# Store Room": {
    "type": "number",
    "key_name": "rooms.store_room",
    "required": true
  },
  "# Pooja Room": {
    "type": "number",
    "key_name": "rooms.pooja_room",
    "required": true
  },
  "# Shops": {
    "type": "number",
    "key_name": "rooms.shops",
    "required": true
  },
  "Balcony": {
    "type": "dropdown",
    "key_name": "open_areas.balcony",
    "required": true,
    "values": [
      "YES",
      "NO"
    ]
  },
  "Porch": {
    "type": "dropdown",
    "key_name": "open_areas.porch",
    "required": true,
    "values": [
      "YES",
      "NO"
    ]
  },
  "Verandah": {
    "type": "dropdown",
    "key_name": "open_areas.verandah",
    "required": true,
    "values": [
      "YES",
      "NO"
    ]
  },
  "Garden": {
    "type": "dropdown",
    "key_name": "open_areas.garden",
    "required": true,
    "values": [
      "YES",
      "NO"
    ]
  },
  "Courtyard": {
    "type": "dropdown",
    "key_name": "open_areas.courtyard",
    "required": true,
    "values": [
      "YES",
      "NO"
    ]
  },
  "Front Yard": {
    "type": "dropdown",
    "key_name": "open_areas.frontyard",
    "required": true,
    "values": [
      "YES",
      "NO"
    ]
  },
  "Back Yard": {
    "type": "dropdown",
    "key_name": "open_areas.backyard",
    "required": true,
    "values": [
      "YES",
      "NO"
    ]
  },
  "Terrace": {
    "type": "dropdown",
    "key_name": "open_areas.terrace",
    "required": true,
    "values": [
      "YES",
      "NO"
    ]
  },
  "Library": {
    "type": "dropdown",
    "key_name": "special_amenities.library",
    "required": true,
    "values": [
      "YES",
      "NO"
    ]
  },
  "Home Theatre": {
    "type": "dropdown",
    "key_name": "special_amenities.home_theatre",
    "required": true,
    "values": [
      "YES",
      "NO"
    ]
  },
  "Pool": {
    "type": "dropdown",
    "key_name": "special_amenities.pool",
    "required": true,
    "values": [
      "YES",
      "NO"
    ]
  },
  "Gym": {
    "type": "dropdown",
    "key_name": "special_amenities.gym",
    "required": true,
    "values": [
      "YES",
      "NO"
    ]
  },
  "Study Room": {
    "type": "dropdown",
    "key_name": "special_amenities.study_room",
    "required": true,
    "values": [
      "YES",
      "NO"
    ]
  },
  "Game Room": {
    "type": "dropdown",
    "key_name": "special_amenities.game_room",
    "required": true,
    "values": [
      "YES",
      "NO"
    ]
  },
  "Reference images": {
    "type": "image_link",
    "key_name": "reference_images",
    "required": true
  },
  "Stylized configuration": {
    "type": "string",
    "key_name": "stylized.stylized_configuration",
    "required": true
  },
  "Roof type": {
    "type": "string",
    "key_name": "roof.roof_type",
    "required": true
  },
  "Brick": {
    "type": "string",
    "key_name": "material_treatment.brick",
    "required": true
  },
  "Stone": {
    "type": "string",
    "key_name": "material_treatment.stone",
    "required": true
  },
  "Wood": {
    "type": "string",
    "key_name": "material_treatment.wood",
    "required": true
  },
  "Tile": {
    "type": "string",
    "key_name": "material_treatment.tile",
    "required": true
  },
  "Aluminium composite panel": {
    "type": "string",
    "key_name": "material_treatment.aluminium_composite_panel",
    "required": true
  },
  "Glass curtain wall": {
    "type": "string",
    "key_name": "material_treatment.glass_curtain_wall",
    "required": true
  },
  "Pergola": {
    "type": "string",
    "key_name": "structural_elements.pergola",
    "required": true
  },
  "Jaali": {
    "type": "string",
    "key_name": "structural_elements.jaali",
    "required": true
  },
  "Green wall": {
    "type": "string",
    "key_name": "structural_elements.green_wall",
    "required": true
  },
  "Planter": {
    "type": "string",
    "key_name": "structural_elements.planter",
    "required": true
  },
  "Vault": {
    "type": "string",
    "key_name": "structural_elements.vault",
    "required": true
  },
  "Double height open area": {
    "type": "string",
    "key_name": "structural_elements.double_height_open_area",
    "required": true
  },
  "Elevation element": {
    "type": "string",
    "key_name": "structural_elements.elevation_element",
    "required": true
  },
  "Color scheme": {
    "type": "string",
    "key_name": "colors.color_scheme",
    "required": true
  },
  "Color used": {
    "type": "string",
    "key_name": "colors.color_used",
    "required": true
  },
  "Partner id": {
    "type": "string",
    "key_name": "partner_details.partner_id",
    "required": true
  },
  "Partner name": {
    "type": "string",
    "key_name": "partner_details.partner_name",
    "required": true
  }
}