[
  {
    "name": "Unique ID",
    "key": "freeText",
    "value": "",
    "dbKey": "unique_id"
  },
  {
    "name": "Source",
    "key": "dropDown",
    "value": [
      "Service Request",
      "Design Gallery",
      "Crowd Sourced"
    ],
    "dbKey": "source"
  },
  {
    "name": "SR Number",
    "key": "freeText",
    "value": "",
    "dbKey": "sr_number"
  },
  {
    "name": "Design Name",
    "key": "freeText",
    "value": "",
    "dbKey": "design_name"
  },
  {
    "name": "Linked 2D Rendered Plan JPG ID",
    "key": "dropDown",
    "value": [
      "Yes",
      "No"
    ],
    "dbKey": "files.two_d_rendered_plan_jpg"
  },
  {
    "name": "Linked 2D Line Drawing PDF ID",
    "key": "dropDown",
    "value": [
      "Yes",
      "No"
    ],
    "dbKey": "files.two_d_rendered_plan_pdf"
  },
  {
    "name": "Linked 2D Line Drawing JPG ID",
    "key": "dropDown",
    "value": [
      "Yes",
      "No"
    ],
    "dbKey": "files.two_d_line_drawing_jpg.two_d_line_drawing_jpg_id"
  },
  {
    "name": "Linked 3D Design ID",
    "key": "dropDown",
    "value": [
      "Yes",
      "No"
    ],
    "dbKey": "files.three_d_design_id"
  },
  {
    "name": "Linked Estimation ID",
    "value": [
      "Yes",
      "No"
    ],
    "key": "dropDown",
    "dbKey": "files.linked_estimation_id.estimation_id"
  },
  {
    "name": "Plot Area",
    "key": "range",
    "value": [
      {
        "min": 0,
        "max": 500
      },
      {
        "min": 500,
        "max": 749
      },
      {
        "min": 750,
        "max": 999
      },
      {
        "min": 1000,
        "max": 1249
      },
      {
        "min": 1250,
        "max": 1499
      },
      {
        "min": 1500,
        "max": 1999
      },
      {
        "min": 2000,
        "max": 2499
      },
      {
        "min": 2500,
        "max": 2999
      },
      {
        "min": 3000,
        "max": 3999
      },
      {
        "min": 4000,
        "max": 4999
      },
      {
        "min": 5000,
        "max": 5999
      },
      {
        "min": 6000,
        "max": 9999
      }
    ],
    "dbKey": "plot_details.plot_area"
  },
  {
    "name": "Plot Length",
    "key": "freeText",
    "value": "",
    "dbKey": "plot_details.plot_length"
  },
  {
    "name": "Plot Width",
    "key": "range",
    "value": [
      {
        "min": 0,
        "max": 9
      },
      {
        "min": 10,
        "max": 14
      },
      {
        "min": 15,
        "max": 19
      },
      {
        "min": 20,
        "max": 24
      },
      {
        "min": 25,
        "max": 29
      },
      {
        "min": 30,
        "max": 34
      },
      {
        "min": 35,
        "max": 39
      },
      {
        "min": 40,
        "max": 44
      },
      {
        "min": 45,
        "max": 49
      },
      {
        "min": 50,
        "max": 59
      },
      {
        "min": 60,
        "max": 69
      },
      {
        "min": 70,
        "max": 79
      },
      {
        "min": 80,
        "max": 89
      },
      {
        "min": 90,
        "max": 99
      },
      {
        "min": 100,
        "max": 999
      }
    ],
    "dbKey": "plot_details.plot_width"
  },
  {
    "name": "Plot Shape",
    "key": "dropDown",
    "value": [
      "Square",
      "Rectangle",
      "Trapezoidal",
      "L shaped",
      "Irregular"
    ],
    "dbKey": "plot_details.plot_shape"
  },
  {
    "name": "Open Sides of the Plot",
    "key": "unique",
    "value": "",
    "dbKey": "plot_details.open_sides_of_the_plot"
  },
  {
    "name": "Typology",
    "key": "dropDown",
    "value": [
      "Residential",
      "Multiple Residential Units",
      "Residential Twin Structure",
      "Residential and Commercial",
      "Commercial"
    ],
    "dbKey": "project_details.typology"
  },
  {
    "name": "Estimated Cost of Construction",
    "key": "freeText",
    "value": "",
    "dbKey": "project_details.estimated_cost_of_construction"
  },
  {
    "name": "Low Range Budget",
    "key": "freeText",
    "value": "",
    "dbKey": "project_details.low_range_budget"
  },
  {
    "name": "High Range Budget",
    "key": "freeText",
    "value": "",
    "dbKey": "project_details.high_range_budget"
  },
  {
    "name": "Built up area",
    "key": "range",
    "value": [
      {
        "min": 0,
        "max": 500
      },
      {
        "min": 500,
        "max": 749
      },
      {
        "min": 750,
        "max": 999
      },
      {
        "min": 1000,
        "max": 1249
      },
      {
        "min": 1250,
        "max": 1499
      },
      {
        "min": 1500,
        "max": 1999
      },
      {
        "min": 2000,
        "max": 2499
      },
      {
        "min": 2500,
        "max": 2999
      },
      {
        "min": 3000,
        "max": 3999
      },
      {
        "min": 4000,
        "max": 4999
      },
      {
        "min": 5000,
        "max": 5999
      },
      {
        "min": 6000,
        "max": 9999
      }
    ],
    "dbKey": "project_details.builtup_area"
  },
  {
    "name": "Floor Plate Area of Ground Floor",
    "key": "freeText",
    "value": "",
    "dbKey": "project_details.floor_plate_area_of_ground_floor"
  },
  {
    "name": "Floor Plate Length",
    "key": "freeText",
    "value": "",
    "dbKey": "project_details.floor_plate_length"
  },
  {
    "name": "Floor Plate Width",
    "key": "range",
    "dbKey": "project_details.floor_plate_width",
    "value": [
      {
        "min": 0,
        "max": 9
      },
      {
        "min": 10,
        "max": 14
      },
      {
        "min": 15,
        "max": 19
      },
      {
        "min": 20,
        "max": 24
      },
      {
        "min": 25,
        "max": 29
      },
      {
        "min": 30,
        "max": 34
      },
      {
        "min": 35,
        "max": 39
      },
      {
        "min": 40,
        "max": 44
      },
      {
        "min": 45,
        "max": 49
      },
      {
        "min": 50,
        "max": 54
      },
      {
        "min": 55,
        "max": 59
      },
      {
        "min": 60,
        "max": 64
      },
      {
        "min": 65,
        "max": 69
      },
      {
        "min": 70,
        "max": 74
      },
      {
        "min": 75,
        "max": 79
      },
      {
        "min": 80,
        "max": 84
      },
      {
        "min": 85,
        "max": 89
      },
      {
        "min": 90,
        "max": 94
      },
      {
        "min": 95,
        "max": 99
      },
      {
        "min": 100,
        "max": 999
      }
    ]
  },
  {
    "name": "Floors",
    "key": "dropdown",
    "value": [
      "G",
      "G+1",
      "G+2",
      "G+3",
      "G+4",
      "Above G+4"
    ],
    "dbKey": "project_details.floors"
  },
  {
    "name": "Bedrooms",
    "key": "unique",
    "value": "",
    "dbKey": "project_details.bedrooms"
  },
  {
    "name": "Shared Wall",
    "key": "unique",
    "value": "",
    "dbKey": "project_details.shared_wall"
  },
  {
    "name": "For 2 Shared wall",
    "key": "dropDown",
    "value": [
      "Adjacent",
      "Parallel"
    ],
    "dbKey": "project_details.for_two_shared_wall_adjacent_parallel"
  },
  {
    "name": "Space Allocation",
    "key": "dropDown",
    "value": [
      "Private",
      "Balanced",
      "Family"
    ],
    "dbKey": "project_details.space_allocation"
  },
  {
    "name": "Style",
    "key": "dropDown",
    "value": [
      "Stilt",
      "Porch",
      "Courtyard",
      "General"
    ],
    "dbKey": "project_details.style"
  },
  {
    "name": "Weather Conditions",
    "key": "unique",
    "value": "",
    "dbKey": "geography.weather_condition"
  },
  {
    "name": "State",
    "key": "unique",
    "value": "",
    "dbKey": "geography.state"
  },
  {
    "name": "City",
    "key": "unique",
    "value": "",
    "dbKey": "geography.city"
  },
  {
    "name": "District",
    "key": "unique",
    "value": "",
    "dbKey": "geography.district"
  },
  {
    "name": "Total Number of Family Members",
    "key": "unique",
    "value": "",
    "dbKey": "family_details.total_family_members"
  },
  {
    "name": "Number of Senior Citizens",
    "key": "unique",
    "value": "",
    "dbKey": "family_details.number_of_senior_citizen"
  },
  {
    "name": "Number of Adults",
    "key": "unique",
    "value": "",
    "dbKey": "family_details.number_of_adults"
  },
  {
    "name": "Number of Children",
    "key": "unique",
    "value": "",
    "dbKey": "family_details.number_of_children"
  },
  {
    "name": "Number of Infants",
    "key": "unique",
    "value": "",
    "dbKey": "family_details.number_of_infants"
  },
  {
    "name": "Basement",
    "key": "dropDown",
    "value": [
      "Yes",
      "No"
    ],
    "dbKey": "parking.basement"
  },
  {
    "name": "Stilts",
    "key": "dropDown",
    "value": [
      "Yes",
      "No"
    ],
    "dbKey": "parking.stilts"
  },
  {
    "name": "2 Wheeler Parking",
    "key": "unique",
    "value": "",
    "dbKey": "parking.two_wheeler_parking"
  },
  {
    "name": "4 Wheeler Parking",
    "key": "unique",
    "value": "",
    "dbKey": "parking.four_wheeler_parking"
  },
  {
    "name": "Maximum 3 stairs to enter the Ground Floor",
    "key": "dropDown",
    "value": [
      "Yes",
      "No"
    ],
    "dbKey": "senior_citizen_friendly.max_three_stairs_to_enter_the_ground_floor"
  },
  {
    "name": "1 BHK present on the Ground Floor",
    "key": "dropDown",
    "value": [
      "Yes",
      "No"
    ],
    "dbKey": "senior_citizen_friendly.one_bhk_on_ground_floor"
  },
  {
    "name": "Provision of Ramp",
    "key": "dropDown",
    "value": [
      "Yes",
      "No"
    ],
    "dbKey": "senior_citizen_friendly.provision_of_ramp"
  },
  {
    "name": "Vaastu Compliant",
    "key": "dropDown",
    "value": [
      "Yes",
      "No"
    ],
    "dbKey": "vaastu_compliancy.vaastu_compliant"
  },
  {
    "name": "Entry_Direction",
    "key": "dropDown",
    "value": [
      "North",
      "South",
      "East",
      "West",
      "NE",
      "NW",
      "SE",
      "SW"
    ],
    "dbKey": "vaastu_compliancy.entry_direction"
  },
  {
    "name": "Orientation of the Kitchen",
    "key": "dropDown",
    "value": [
      "North",
      "South",
      "East",
      "West",
      "NE",
      "NW",
      "SE",
      "SW"
    ],
    "dbKey": "vaastu_compliancy.orientation_of_kitchen"
  },
  {
    "name": "Orientation of Pooja Room",
    "key": "dropDown",
    "value": [
      "North",
      "South",
      "East",
      "West",
      "NE",
      "NW",
      "SE",
      "SW"
    ],
    "dbKey": "vaastu_compliancy.orientation_of_pooja_room"
  },
  {
    "name": "Orientation of Master Bedroom",
    "key": "dropDown",
    "value": [
      "North",
      "South",
      "East",
      "West",
      "NE",
      "NW",
      "SE",
      "SW"
    ],
    "dbKey": "vaastu_compliancy.orientation_of_master_bedrrom"
  },
  {
    "name": "Total Bathrooms",
    "key": "unique",
    "value": "",
    "dbKey": "rooms.total_bathrooms"
  },
  {
    "name": "Attached Bathrooms",
    "key": "unique",
    "value": "",
    "dbKey": "rooms.attached_bathrooms"
  },
  {
    "name": "Common Bathrooms",
    "key": "unique",
    "value": "",
    "dbKey": "rooms.common_bathrooms"
  },
  {
    "name": "Dining Room ",
    "key": "unique",
    "value": "",
    "dbKey": "rooms.dining_room"
  },
  {
    "name": "Living Room ",
    "key": "unique",
    "value": "",
    "dbKey": "rooms.living_room"
  },
  {
    "name": "Kitchen",
    "key": "unique",
    "value": "",
    "dbKey": "rooms.kitchen"
  },
  {
    "name": "Family Room",
    "key": "unique",
    "value": "",
    "dbKey": "rooms.family_room"
  },
  {
    "name": "Store Room",
    "key": "unique",
    "value": "",
    "dbKey": "rooms.store_room"
  },
  {
    "name": "Pooja Room",
    "key": "unique",
    "value": "",
    "dbKey": "rooms.pooja_room"
  },
  {
    "name": "Shops",
    "key": "unique",
    "value": "",
    "dbKey": "rooms.shops"
  },
  {
    "name": "Balcony",
    "key": "dropDown",
    "value": [
      "Yes",
      "No"
    ],
    "dbKey": "open_areas.balcony"
  },
  {
    "name": "Porch",
    "key": "dropDown",
    "value": [
      "Yes",
      "No"
    ],
    "dbKey": "open_areas.porch"
  },
  {
    "name": "Type of Entrance",
    "key": "dropDown",
    "value": [
      "No Porch",
      "Porch with Flat Slab",
      "Porch with Sloping Roof",
      "Entrance through Driveway"
    ],
    "dbKey": "open_areas.type_of_entrance"
  },
  {
    "name": "Garden",
    "key": "dropDown",
    "value": [
      "Yes",
      "No"
    ],
    "dbKey": "open_areas.garden"
  },
  {
    "name": "Courtyard",
    "key": "dropDown",
    "value": [
      "Yes",
      "No"
    ],
    "dbKey": "open_areas.courtyard"
  },
  {
    "name": "Front Yard",
    "key": "dropDown",
    "value": [
      "Yes",
      "No"
    ],
    "dbKey": "open_areas.frontyard"
  },
  {
    "name": "Back Yard",
    "key": "dropDown",
    "value": [
      "Yes",
      "No"
    ],
    "dbKey": "open_areas.backyard"
  },
  {
    "name": "Terrace",
    "key": "dropDown",
    "value": [
      "Yes",
      "No"
    ],
    "dbKey": "open_areas.terrace"
  },
  {
    "name": "Library",
    "key": "dropDown",
    "value": [
      "Yes",
      "No"
    ],
    "dbKey": "special_amenities.library"
  },
  {
    "name": "Home Theatre",
    "key": "dropDown",
    "value": [
      "Yes",
      "No"
    ],
    "dbKey": "special_amenities.home_theatre"
  },
  {
    "name": "Pool",
    "key": "dropDown",
    "value": [
      "Yes",
      "No"
    ],
    "dbKey": "special_amenities.pool"
  },
  {
    "name": "Gym",
    "key": "dropDown",
    "value": [
      "Yes",
      "No"
    ],
    "dbKey": "special_amenities.gym"
  },
  {
    "name": "Study Room",
    "key": "dropDown",
    "value": [
      "Yes",
      "No"
    ],
    "dbKey": "special_amenities.study_room"
  },
  {
    "name": "Game Room",
    "key": "dropDown",
    "value": [
      "Yes",
      "No"
    ],
    "dbKey": "special_amenities.game_room"
  },
  {
    "name": "Roof Type",
    "key": "dropDown",
    "value": [
      "Flat",
      "Sloped",
      "Composite",
      "Free Form"
    ],
    "dbKey": "roof.roof_type"
  },
  {
    "name": "Stylized Configuration",
    "key": "dropDown",
    "value": [
      "Basic",
      "Stylized A",
      "Stylized B",
      "Stylized C"
    ],
    "dbKey": "stylized.stylized_configuration"
  },
  {
    "name": "Brick",
    "key": "dropDown",
    "value": [
      "Yes",
      "No"
    ],
    "dbKey": "material_treatment.brick"
  },
  {
    "name": "Stone",
    "key": "dropDown",
    "value": [
      "Yes",
      "No"
    ],
    "dbKey": "material_treatment.stone"
  },
  {
    "name": "Wood",
    "key": "dropDown",
    "value": [
      "Yes",
      "No"
    ],
    "dbKey": "material_treatment.wood"
  },
  {
    "name": "Tile",
    "key": "dropDown",
    "value": [
      "Yes",
      "No"
    ],
    "dbKey": "material_treatment.tile"
  },
  {
    "name": "Aluminum Composite Panel",
    "key": "dropDown",
    "value": [
      "Yes",
      "No"
    ],
    "dbKey": "material_treatment.aluminium_composite_panel"
  },
  {
    "name": "Glass Façade",
    "key": "dropDown",
    "value": [
      "Yes",
      "No"
    ],
    "dbKey": "material_treatment.glass_curtain_wall"
  },
  {
    "name": "Pergola",
    "key": "dropDown",
    "value": [
      "Yes",
      "No"
    ],
    "dbKey": "structural_elements.pergola"
  },
  {
    "name": "Planter",
    "key": "dropDown",
    "value": [
      "Yes",
      "No"
    ],
    "dbKey": "structural_elements.planter"
  },
  {
    "name": "Jaali",
    "key": "dropDown",
    "value": [
      "Yes",
      "No"
    ],
    "dbKey": "structural_elements.jaali"
  },
  {
    "name": "Green Wall",
    "key": "dropDown",
    "value": [
      "Yes",
      "No"
    ],
    "dbKey": "structural_elements.green_wall"
  },
  {
    "name": "Double Height Open Area",
    "key": "dropDown",
    "value": [
      "Yes",
      "No"
    ],
    "dbKey": "structural_elements.double_height_open_area"
  },
  {
    "name": "Elevation element",
    "key": "dropDown",
    "value": [
      "Yes",
      "No"
    ],
    "dbKey": "structural_elements.elevation_element"
  },
  {
    "name": "Color Scheme",
    "key": "dropDown",
    "value": [
      "Neutral",
      "Bright",
      "Dull",
      "Pastel",
      "White with Accent Colors"
    ],
    "dbKey": "colors.color_scheme"
  },
  {
    "name": "Colors used",
    "key": "freeText",
    "value": "",
    "dbKey": "colors.color_used"
  },
  {
    "name": "Created By",
    "key": "unique",
    "value": "",
    "dbKey": "created_by"
  },
  {
    "name": "Updated By",
    "key": "unique",
    "value": "",
    "dbKey": "updated_by"
  }
]