{
  "Unique ID": {
    "type": "string",
    "key_name": "unique_id",
    "required": true
  },
  "Source": {
    "type": "dropdown",
    "key_name": "source",
    "required": true,
    "values": [
      "Styles Gallery",
      "Service Delivery",
      "Crowd sourced",
      "Campaigns"
    ]
  },
  "Element Type": {
    "type": "dropdown",
    "key_name": "element_type",
    "required": true,
    "values": [
      "Door",
      "Columns",
      "Elevations",
      "Gates",
      "Grill",
      "Porch",
      "Roof",
      "Compound Wall",
      "Window",
      "Staircase"
    ]
  },
  "Element Name": {
    "type": "string",
    "key_name": "element_name",
    "required": true
  },
  "Style": {
    "type": "dropdown",
    "key_name": "style",
    "required": true,
    "values": [
      "Traditional",
      "Classic",
      "Modern",
      "Artistic",
      "Unique",
      "Linear",
      "Curved",
      "Combination"
    ]
  },
  "Shape": {
    "type": "dropdown",
    "key_name": "shape",
    "required": true,
    "values": [
      "Rectangular",
      "Arched",
      "Spiral",
      "Curved",
      "Linear",
      "Polygonal",
      "Circular"
    ]
  },
  "Material": {
    "type": "dropdown",
    "key_name": "material",
    "required": true,
    "values": [
      "Wood",
      "Glass",
      "Stainless Steel",
      "Composite",
      "Wrought Iron",
      "Steel Cable",
      "Clay Tiles",
      "Corrugated Metal Decking",
      "Acrylic Sheet",
      "Paint Plaster",
      "Stone Roof Shingles",
      "Paint",
      "Metal",
      "Aluminum",
      "Mild Steel",
      "UPVC",
      "RCC",
      "Brick",
      "Stone"
    ]
  },
  "Location": {
    "type": "dropdown",
    "key_name": "location",
    "required": true,
    "values": [
      "Main Door",
      "Interior Door",
      "Back Door",
      "Balcony door"
    ]
  },
  "Shutter": {
    "type": "dropdown",
    "key_name": "shutter",
    "required": true,
    "values": [
      "Single Shutter",
      "Double Shutter",
      "Multi-Shutter"
    ]
  },
  "Operation": {
    "type": "dropdown",
    "key_name": "operation",
    "required": true,
    "values": [
      "Folding",
      "Sliding Folding",
      "Pocket",
      "Hinged",
      "Pivoted",
      "RCC Waist Slab",
      "Masonry Load-Bearing",
      "Metal Fabrication",
      "Composite",
      "Cantilever",
      "Wood Fabrication",
      "Suspended"
    ]
  },
  "Image Files": {
    "type": "image_link",
    "key_name": "image_files",
    "required": true
  },
  "Raw Files Availability": {
    "type": "dropdown",
    "key_name": "raw_files_availability",
    "required": true,
    "values": [
      "YES",
      "NO"
    ]
  },
  "Raw Files": {
    "type": "image_link",
    "key_name": "raw_files",
    "required": true
  }
}