{
  "Unique Id": {
    "type": "string",
    "key_name": "unique_id",
    "required": true
  },
  "Floors": {
    "type": "dropdown",
    "key_name": "project_details.floors",
    "required": true,
    "values": ["G", "G+1", "G+2", "G+3", "G+4", "Above G+4"]
  },
  "Total Bathrooms_G": {
    "type": "number",
    "key_name": "rooms.total_bathrooms",
    "required": true
  },
  "Attached Bathrooms_G": {
    "type": "number",
    "key_name": "rooms.attached_bathrooms",
    "required": true
  },
  "Common Bathrooms_G": {
    "type": "number",
    "key_name": "rooms.common_bathrooms",
    "required": true
  },
  "Dining Room_G": {
    "type": "number",
    "key_name": "rooms.dining_room",
    "required": true
  },
  "Living Room_G": {
    "type": "number",
    "key_name": "rooms.living_room",
    "required": true
  },
  "Kitchen_G": {
    "type": "number",
    "key_name": "rooms.kitchen",
    "required": true
  },
  "Family Room_G": {
    "type": "number",
    "key_name": "rooms.family_room",
    "required": true
  },
  "Store Room_G": {
    "type": "number",
    "key_name": "rooms.store_room",
    "required": true
  },
  "Pooja Room_G": {
    "type": "number",
    "key_name": "rooms.pooja_room",
    "required": true
  },
  "Shops_G": {
    "type": "number",
    "key_name": "rooms.shops",
    "required": true
  },
  "Split Bathrooms_G": {
    "type": "number",
    "key_name": "rooms.split_bathrooms",
    "required": true
  },
  "Combined Bathrooms_G": {
    "type": "number",
    "key_name": "rooms.combined_bathrooms",
    "required": true
  },
  "Master Bedroom_G": {
    "type": "number",
    "key_name": "rooms.master_bedroom",
    "required": true
  },
  "Total Bathrooms_G+1": {
    "type": "number",
    "key_name": "rooms.total_bathrooms",
    "required": true
  },
  "Attached Bathrooms_G+1": {
    "type": "number",
    "key_name": "rooms.attached_bathrooms",
    "required": true
  },
  "Common Bathrooms_G+1": {
    "type": "number",
    "key_name": "rooms.common_bathrooms",
    "required": true
  },
  "Dining Room_G+1": {
    "type": "number",
    "key_name": "rooms.dining_room",
    "required": true
  },
  "Living Room_G+1": {
    "type": "number",
    "key_name": "rooms.living_room",
    "required": true
  },
  "Kitchen_G+1": {
    "type": "number",
    "key_name": "rooms.kitchen",
    "required": true
  },
  "Family Room_G+1": {
    "type": "number",
    "key_name": "rooms.family_room",
    "required": true
  },
  "Store Room_G+1": {
    "type": "number",
    "key_name": "rooms.store_room",
    "required": true
  },
  "Pooja Room_G+1": {
    "type": "number",
    "key_name": "rooms.pooja_room",
    "required": true
  },
  "Shops_G+1": {
    "type": "number",
    "key_name": "rooms.shops",
    "required": true
  },
  "Split Bathrooms_G+1": {
    "type": "number",
    "key_name": "rooms.split_bathrooms",
    "required": true
  },
  "Combined Bathrooms_G+1": {
    "type": "number",
    "key_name": "rooms.combined_bathrooms",
    "required": true
  },
  "Master Bedroom_G+1": {
    "type": "number",
    "key_name": "rooms.master_bedroom",
    "required": true
  },
  "Total Bathrooms_G+2": {
    "type": "number",
    "key_name": "rooms.total_bathrooms",
    "required": true
  },
  "Attached Bathrooms_G+2": {
    "type": "number",
    "key_name": "rooms.attached_bathrooms",
    "required": true
  },
  "Common Bathrooms_G+2": {
    "type": "number",
    "key_name": "rooms.common_bathrooms",
    "required": true
  },
  "Dining Room_G+2": {
    "type": "number",
    "key_name": "rooms.dining_room",
    "required": true
  },
  "Living Room_G+2": {
    "type": "number",
    "key_name": "rooms.living_room",
    "required": true
  },
  "Kitchen_G+2": {
    "type": "number",
    "key_name": "rooms.kitchen",
    "required": true
  },
  "Family Room_G+2": {
    "type": "number",
    "key_name": "rooms.family_room",
    "required": true
  },
  "Store Room_G+2": {
    "type": "number",
    "key_name": "rooms.store_room",
    "required": true
  },
  "Pooja Room_G+2": {
    "type": "number",
    "key_name": "rooms.pooja_room",
    "required": true
  },
  "Shops_G+2": {
    "type": "number",
    "key_name": "rooms.shops",
    "required": true
  },
  "Split Bathrooms_G+2": {
    "type": "number",
    "key_name": "rooms.split_bathrooms",
    "required": true
  },
  "Combined Bathrooms_G+2": {
    "type": "number",
    "key_name": "rooms.combined_bathrooms",
    "required": true
  },
  "Master Bedroom_G+2": {
    "type": "number",
    "key_name": "rooms.master_bedroom",
    "required": true
  },
  "Total Bathrooms_G+3": {
    "type": "number",
    "key_name": "rooms.total_bathrooms",
    "required": true
  },
  "Attached Bathrooms_G+3": {
    "type": "number",
    "key_name": "rooms.attached_bathrooms",
    "required": true
  },
  "Common Bathrooms_G+3": {
    "type": "number",
    "key_name": "rooms.common_bathrooms",
    "required": true
  },
  "Dining Room_G+3": {
    "type": "number",
    "key_name": "rooms.dining_room",
    "required": true
  },
  "Living Room_G+3": {
    "type": "number",
    "key_name": "rooms.living_room",
    "required": true
  },
  "Kitchen_G+3": {
    "type": "number",
    "key_name": "rooms.kitchen",
    "required": true
  },
  "Family Room_G+3": {
    "type": "number",
    "key_name": "rooms.family_room",
    "required": true
  },
  "Store Room_G+3": {
    "type": "number",
    "key_name": "rooms.store_room",
    "required": true
  },
  "Pooja Room_G+3": {
    "type": "number",
    "key_name": "rooms.pooja_room",
    "required": true
  },
  "Shops_G+3": {
    "type": "number",
    "key_name": "rooms.shops",
    "required": true
  },
  "Split Bathrooms_G+3": {
    "type": "number",
    "key_name": "rooms.split_bathrooms",
    "required": true
  },
  "Combined Bathrooms_G+3": {
    "type": "number",
    "key_name": "rooms.combined_bathrooms",
    "required": true
  },
  "Master Bedroom_G+3": {
    "type": "number",
    "key_name": "rooms.master_bedroom",
    "required": true
  },
  "Total Bathrooms_G+4": {
    "type": "number",
    "key_name": "rooms.total_bathrooms",
    "required": true
  },
  "Attached Bathrooms_G+4": {
    "type": "number",
    "key_name": "rooms.attached_bathrooms",
    "required": true
  },
  "Common Bathrooms_G+4": {
    "type": "number",
    "key_name": "rooms.common_bathrooms",
    "required": true
  },
  "Dining Room_G+4": {
    "type": "number",
    "key_name": "rooms.dining_room",
    "required": true
  },
  "Living Room_G+4": {
    "type": "number",
    "key_name": "rooms.living_room",
    "required": true
  },
  "Kitchen_G+4": {
    "type": "number",
    "key_name": "rooms.kitchen",
    "required": true
  },
  "Family Room_G+4": {
    "type": "number",
    "key_name": "rooms.family_room",
    "required": true
  },
  "Store Room_G+4": {
    "type": "number",
    "key_name": "rooms.store_room",
    "required": true
  },
  "Pooja Room_G+4": {
    "type": "number",
    "key_name": "rooms.pooja_room",
    "required": true
  },
  "Shops_G+4": {
    "type": "number",
    "key_name": "rooms.shops",
    "required": true
  },
  "Split Bathrooms_G+4": {
    "type": "number",
    "key_name": "rooms.split_bathrooms",
    "required": true
  },
  "Combined Bathrooms_G+4": {
    "type": "number",
    "key_name": "rooms.combined_bathrooms",
    "required": true
  },
  "Master Bedroom_G+4": {
    "type": "number",
    "key_name": "rooms.master_bedroom",
    "required": true
  },
  "Staircase Internal": {
    "type": "number",
    "key_name": "project_details.staircase_internal",
    "required": true
  },
  "Staircase External": {
    "type": "number",
    "key_name": "project_details.staircase_external",
    "required": true
  },
  "Partner Id": {
    "type": "string",
    "key_name": "partner_details.partner_id",
    "required": true
  },
  "Partner Name": {
    "type": "string",
    "key_name": "partner_details.partner_name",
    "required": true
  },
  "Project Id": {
    "type": "number",
    "key_name": "partner_details.project_id",
    "required": true
  },
  "Partner Number": {
    "type": "string",
    "key_name": "partner_details.partner_number",
    "required": true
  },
  "Project Title": {
    "type": "string",
    "key_name": "partner_details.project_title",
    "required": true
  }
}
