{
  "Unique ID": {
    "type": "string",
    "key_name": "unique_id",
    "required": true
  },
  "Source": {
    "type": "dropdown",
    "key_name": "source",
    "required": true,
    "values": [
      "Service Request",
      "Design Gallery",
      "Crowd Sourced"
    ]
  },
  "SR Number / Library code": {
    "type": "string",
    "key_name": "sr_number",
    "required": true
  },
  "Option": {
    "type": "string",
    "key_name": "option_number",
    "required": true
  },
  "Design Label": {
    "type": "string",
    "key_name": "design_name",
    "required": true
  },
  "Design Description": {
    "type": "string",
    "key_name": "design_short_description",
    "required": true
  },
  "Design Long Description": {
    "type": "string",
    "key_name": "design_long_description",
    "required": true
  },
  "3D Linked Design ID": {
    "type": "string",
    "key_name": "three_d_linked_design_id",
    "required": true
  },
  "Linked 2D Rendered Plan JPG ID G": {
    "type": "image_link",
    "key_name": "files.two_d_rendered_plan_jpg.ground",
    "required": true,
    "file_type": [
      "jpg",
      "png",
      "gif",
      "tiff"
    ]
  },
  "Linked 2D Rendered Plan JPG ID G+1": {
    "type": "image_link",
    "key_name": "files.two_d_rendered_plan_jpg.ground_plus_one",
    "required": true,
    "file_type": [
      "jpg",
      "png",
      "gif",
      "tiff"
    ]
  },
  "Linked 2D Rendered Plan JPG ID G+2": {
    "type": "image_link",
    "key_name": "files.two_d_rendered_plan_jpg.ground_plus_two",
    "required": true,
    "file_type": [
      "jpg",
      "png",
      "gif",
      "tiff"
    ]
  },
  "Linked 2D Rendered Plan JPG ID G+3": {
    "type": "image_link",
    "key_name": "files.two_d_rendered_plan_jpg.ground_plus_three",
    "required": true,
    "file_type": [
      "jpg",
      "png",
      "gif",
      "tiff"
    ]
  },
  "Linked 2D Rendered Plan JPG ID G+4": {
    "type": "image_link",
    "key_name": "files.two_d_rendered_plan_jpg.ground_plus_four",
    "required": true,
    "file_type": [
      "jpg",
      "png",
      "gif",
      "tiff"
    ]
  },
  "Linked 2D Rendered Plan JPG ID G+n": {
    "type": "image_link",
    "key_name": "files.two_d_rendered_plan_jpg.above_ground_plus_four",
    "required": true,
    "file_type": [
      "jpg",
      "png",
      "gif",
      "tiff"
    ]
  },
  "Linked 2D Rendered Plan JPG ID G+n Others": {
    "type": "image_link",
    "key_name": "files.two_d_rendered_plan_jpg.others",
    "required": true,
    "file_type": [
      "jpg",
      "png",
      "gif",
      "tiff"
    ]
  },
  "Linked 2D Rendered Plan PDF ID G": {
    "type": "image_link",
    "key_name": "files.two_d_line_drawing_pdf.two_d_line_drawing_pdf_id",
    "required": true,
    "file_type": [
      "pdf"
    ]
  },
  "Linked 2D Line drawing JPG G": {
    "type": "image_link",
    "key_name": "files.two_d_line_drawing_jpg.ground",
    "required": true,
    "file_type": [
      "jpg",
      "png",
      "gif",
      "tiff"
    ]
  },
  "Linked 2D Line drawing JPG G+1": {
    "type": "image_link",
    "key_name": "files.two_d_line_drawing_jpg.ground_plus_one",
    "required": true,
    "file_type": [
      "jpg",
      "png",
      "gif",
      "tiff"
    ]
  },
  "Linked 2D Line drawing JPG G+2": {
    "type": "image_link",
    "key_name": "files.two_d_line_drawing_jpg.ground_plus_two",
    "required": true,
    "file_type": [
      "jpg",
      "png",
      "gif",
      "tiff"
    ]
  },
  "Linked 2D Line drawing JPG G+3": {
    "type": "image_link",
    "key_name": "files.two_d_line_drawing_jpg.ground_plus_three",
    "required": true,
    "file_type": [
      "jpg",
      "png",
      "gif",
      "tiff"
    ]
  },
  "Linked 2D Line drawing JPG G+4": {
    "type": "image_link",
    "key_name": "files.two_d_line_drawing_jpg.ground_plus_four",
    "required": true,
    "file_type": [
      "jpg",
      "png",
      "gif",
      "tiff"
    ]
  },
  "Linked 2D Line drawing JPG G+n": {
    "type": "image_link",
    "key_name": "files.two_d_line_drawing_jpg.above_ground_plus_four",
    "required": true,
    "file_type": [
      "jpg",
      "png",
      "gif",
      "tiff"
    ]
  },
  "Linked 2D Line drawing JPG Others": {
    "type": "image_link",
    "key_name": "files.two_d_line_drawing_jpg.others",
    "required": true,
    "file_type": [
      "jpg",
      "png",
      "gif",
      "tiff"
    ]
  },
  "Linked 3D Design ID Front": {
    "type": "image_link",
    "key_name": "files.three_d_design_id.front",
    "required": true,
    "file_type": [
      "jpg",
      "png",
      "gif",
      "tiff"
    ]
  },
  "Linked 3D Design ID Right": {
    "type": "image_link",
    "key_name": "files.three_d_design_id.right_side",
    "required": true,
    "file_type": [
      "jpg",
      "png",
      "gif",
      "tiff"
    ]
  },
  "Linked 3D Design ID Left": {
    "type": "image_link",
    "key_name": "files.three_d_design_id.left_side",
    "required": true,
    "file_type": [
      "jpg",
      "png",
      "gif",
      "tiff"
    ]
  },
  "Linked 3D Design ID Rear": {
    "type": "image_link",
    "key_name": "files.three_d_design_id.rear_side",
    "required": true,
    "file_type": [
      "jpg",
      "png",
      "gif",
      "tiff"
    ]
  },
  "Linked 3D Design ID Internal": {
    "type": "image_link",
    "key_name": "files.three_d_design_id.internal",
    "required": true,
    "file_type": [
      "jpg",
      "png",
      "gif",
      "tiff"
    ]
  },
  "3D Cut ISO JPG- G": {
    "type": "image_link",
    "key_name": "files.three_d_cut_iso_jpg.ground",
    "required": true,
    "file_type": [
      "jpg",
      "png",
      "gif",
      "tiff"
    ]
  },
  "3D Cut ISO JPG- G+1": {
    "type": "image_link",
    "key_name": "files.three_d_cut_iso_jpg.ground_plus_one",
    "required": true,
    "file_type": [
      "jpg",
      "png",
      "gif",
      "tiff"
    ]
  },
  "3D Cut ISO JPG- G+2": {
    "type": "image_link",
    "key_name": "files.three_d_cut_iso_jpg.ground_plus_two",
    "required": true,
    "file_type": [
      "jpg",
      "png",
      "gif",
      "tiff"
    ]
  },
  "3D Cut ISO JPG- G+3": {
    "type": "image_link",
    "key_name": "files.three_d_cut_iso_jpg.ground_plus_three",
    "required": true,
    "file_type": [
      "jpg",
      "png",
      "gif",
      "tiff"
    ]
  },
  "3D Cut ISO JPG- G+4": {
    "type": "image_link",
    "key_name": "files.three_d_cut_iso_jpg.ground_plus_four",
    "required": true,
    "file_type": [
      "jpg",
      "png",
      "gif",
      "tiff"
    ]
  },
  "3D Cut ISO JPG- G+n": {
    "type": "image_link",
    "key_name": "files.three_d_cut_iso_jpg.above_ground_plus_four",
    "required": true,
    "file_type": [
      "jpg",
      "png",
      "gif",
      "tiff"
    ]
  },
  "3D Cut ISO JPG- others": {
    "type": "image_link",
    "key_name": "files.three_d_cut_iso_jpg.others",
    "required": true,
    "file_type": [
      "jpg",
      "png",
      "gif",
      "tiff"
    ]
  },
  "Linked Estimation ID": {
    "type": "image_link",
    "key_name": "files.linked_estimation_id.estimation_id",
    "required": true,
    "file_type": [
      "jpg",
      "png",
      "gif",
      "tiff"
    ]
  },
  "Sketch up file ID": {
    "type": "image_link",
    "key_name": "files.linked_stetch_up_file.sketch_up_file_id",
    "required": true,
    "file_type": [
      "skp"
    ]
  },
  "Linked DWG file ID": {
    "type": "image_link",
    "key_name": "files.linked_dwg_file.linked_dwg_file_id",
    "required": true,
    "file_type": [
      "dwg"
    ]
  },
  "Linked PSD file ID": {
    "type": "image_link",
    "key_name": "files.linked_psd_file.linked_psd_file_id",
    "required": true,
    "file_type": [
      "psd"
    ]
  },
  "Linked PPT file ID": {
    "type": "image_link",
    "key_name": "files.linked_ppt_file.linked_ppt_file_id",
    "required": true,
    "file_type": [
      "ppt"
    ]
  },
  "Utech PRO file link ID": {
    "type": "string",
    "key_name": "files.utec_pro_link.utec_pro_link_id",
    "required": true
  },
  "Suitable Plot Area": {
    "type": "number",
    "key_name": "plot_details.plot_area",
    "required": true
  },
  "Plot Area Range": {
    "type": "string",
    "key_name": "plot_details.plot_area_range",
    "required": false
  },
  "Suitable Plot Length": {
    "type": "feetAndInches",
    "key_name": "plot_details.plot_length",
    "required": true
  },
  "Suitable Plot Width": {
    "type": "number",
    "key_name": "plot_details.plot_width",
    "required": true
  },
  "Plot Entrance Width Range": {
    "type": "string",
    "key_name": "plot_details.plot_entrance_width_range",
    "required": false
  },
  "Plot Shape": {
    "type": "dropdown",
    "key_name": "plot_details.plot_shape",
    "required": true,
    "values": [
      "L Shaped",
      "Trapezoidal",
      "Rectangle",
      "Square",
      "Irregular"
    ]
  },
  "Open Sides of the Plot": {
    "type": "number",
    "key_name": "plot_details.open_sides_of_the_plot",
    "required": true
  },
  "Typology": {
    "type": "dropdown",
    "key_name": "project_details.typology",
    "required": true,
    "values": [
      "Residential",
      "Multiple Residential Units",
      "Residential Twin Structure",
      "Residential and Commercial",
      "Commercial"
    ]
  },
  "Estimated Cost of Construction": {
    "type": "number",
    "key_name": "project_details.estimated_cost_of_construction",
    "required": true
  },
  "Low Range Budget": {
    "type": "number",
    "key_name": "project_details.low_range_budget",
    "required": true
  },
  "High Range Budget": {
    "type": "number",
    "key_name": "project_details.high_range_budget",
    "required": true
  },
  "Built up area": {
    "type": "number",
    "key_name": "project_details.builtup_area",
    "required": true
  },
  "Floor Plate Area of Ground Floor": {
    "type": "number",
    "key_name": "project_details.floor_plate_area_of_ground_floor",
    "required": true
  },
  "Floor Plate Length": {
    "type": "feetAndInches",
    "key_name": "project_details.floor_plate_length",
    "required": true
  },
  "Floor Plate Width (Entrance Side)": {
    "type": "number",
    "key_name": "project_details.floor_plate_width",
    "required": true
  },
  "Floors": {
    "type": "dropdown",
    "key_name": "project_details.floors",
    "required": true,
    "values": [
      "G",
      "G+1",
      "G+2",
      "G+3",
      "G+4",
      "Above G+4"
    ]
  },
  "Bedrooms": {
    "type": "number",
    "key_name": "project_details.bedrooms",
    "required": true
  },
  "Shared Wall (building)": {
    "type": "number",
    "key_name": "project_details.shared_wall",
    "required": true
  },
  "For 2 Shared wall": {
    "type": "dropdown",
    "key_name": "project_details.for_two_shared_wall_adjacent_parallel",
    "required": true,
    "values": [
      "Adjacent",
      "Parallel"
    ]
  },
  "Space Allocation": {
    "type": "dropdown",
    "key_name": "project_details.space_allocation",
    "required": true,
    "values": [
      "Private",
      "Balanced",
      "Family"
    ]
  },
  "Style": {
    "type": "dropdown",
    "key_name": "project_details.style",
    "required": true,
    "values": [
      "Stilt",
      "Porch",
      "Courtyard",
      "General"
    ]
  },
  "Staircase Internal": {
    "type": "number",
    "key_name": "project_details.staircase_internal",
    "required": true
  },
  "Staircase External": {
    "type": "number",
    "key_name": "project_details.staircase_external",
    "required": true
  },
  "Weather Conditions": {
    "type": "string",
    "key_name": "geography.weather_condition",
    "required": true
  },
  "State": {
    "type": "string",
    "key_name": "geography.state",
    "required": true
  },
  "City": {
    "type": "string",
    "key_name": "geography.city",
    "required": true
  },
  "District": {
    "type": "string",
    "key_name": "geography.district",
    "required": true
  },
  "Geo Coordinates": {
    "type": "geoPattern",
    "key_name": "geography.geo_coordinates",
    "required": true
  },
  "Pincode": {
    "type": "number",
    "key_name": "geography.pincode",
    "required": true
  },
  "Budget": {
    "type": "string",
    "key_name": "geography.budget",
    "required": true
  },
  "Total Number of Family Members": {
    "type": "number",
    "key_name": "family_details.total_family_members",
    "required": true
  },
  "Number of Senior Citizens (age 60+)": {
    "type": "number",
    "key_name": "family_details.number_of_senior_citizen",
    "required": true
  },
  "Number of Adults (age 20 - 60)": {
    "type": "number",
    "key_name": "family_details.number_of_adults",
    "required": true
  },
  "Number of Children (age  4 - 19)": {
    "type": "number",
    "key_name": "family_details.number_of_children",
    "required": true
  },
  "Number of Infants (age 0 - 3)": {
    "type": "number",
    "key_name": "family_details.number_of_infants",
    "required": true
  },
  "Basement": {
    "type": "dropdown",
    "key_name": "parking.basement",
    "required": true,
    "values": [
      "YES",
      "NO",
      "NULL"
    ]
  },
  "Stilts": {
    "type": "dropdown",
    "key_name": "parking.stilts",
    "required": true,
    "values": [
      "YES",
      "NO",
      "NULL"
    ]
  },
  "2 Wheeler Parking": {
    "type": "number",
    "key_name": "parking.two_wheeler_parking",
    "required": true
  },
  "4 Wheeler Parking": {
    "type": "number",
    "key_name": "parking.four_wheeler_parking",
    "required": true
  },
  "Maximum 3 stairs to enter the Ground Floor": {
    "type": "dropdown",
    "key_name": "senior_citizen_friendly.max_three_stairs_to_enter_the_ground_floor",
    "required": true,
    "values": [
      "YES",
      "NO",
      "NULL"
    ]
  },
  "1 BHK present on the Ground Floor": {
    "type": "dropdown",
    "key_name": "senior_citizen_friendly.one_bhk_on_ground_floor",
    "required": true,
    "values": [
      "YES",
      "NO",
      "NULL"
    ]
  },
  "Provision of Ramp": {
    "type": "dropdown",
    "key_name": "senior_citizen_friendly.provision_of_ramp",
    "required": true,
    "values": [
      "YES",
      "NO",
      "NULL"
    ]
  },
  "Vaastu Compliant": {
    "type": "dropdown",
    "key_name": "vaastu_compliancy.vaastu_compliant",
    "required": true,
    "values": [
      "YES",
      "NO",
      "NULL"
    ]
  },
  "Entry Direction": {
    "type": "custom_dropdown",
    "key_name": "vaastu_compliancy.entry_direction",
    "required": true,
    "values": [
      "North",
      "South",
      "East",
      "West",
      "North East",
      "North West",
      "South East",
      "South West"
    ]
  },
  "Orientation of the Kitchen": {
    "type": "custom_dropdown",
    "key_name": "vaastu_compliancy.orientation_of_kitchen",
    "required": true,
    "values": [
      "North",
      "South",
      "East",
      "West",
      "North East",
      "North West",
      "South East",
      "South West"
    ]
  },
  "Orientation of Pooja Room": {
    "type": "custom_dropdown",
    "key_name": "vaastu_compliancy.orientation_of_pooja_room",
    "required": true,
    "values": [
      "North",
      "South",
      "East",
      "West",
      "North East",
      "North West",
      "South East",
      "South West"
    ]
  },
  "Orientation of Master Bedroom": {
    "type": "custom_dropdown",
    "key_name": "vaastu_compliancy.orientation_of_master_bedrrom",
    "required": true,
    "values": [
      "North",
      "South",
      "East",
      "West",
      "North East",
      "North West",
      "South East",
      "South West"
    ]
  },
  "Total Bathrooms_G": {
    "type": "number",
    "key_name": "rooms.total_bathrooms",
    "required": true
  },
  "Attached Bathrooms_G": {
    "type": "number",
    "key_name": "rooms.attached_bathrooms",
    "required": true
  },
  "Common Bathrooms_G": {
    "type": "number",
    "key_name": "rooms.common_bathrooms",
    "required": true
  },
  "Dining Room_G": {
    "type": "number",
    "key_name": "rooms.dining_room",
    "required": true
  },
  "Living Room_G": {
    "type": "number",
    "key_name": "rooms.living_room",
    "required": true
  },
  "Kitchen_G": {
    "type": "number",
    "key_name": "rooms.kitchen",
    "required": true
  },
  "Family Room_G": {
    "type": "number",
    "key_name": "rooms.family_room",
    "required": true
  },
  "Store Room_G": {
    "type": "number",
    "key_name": "rooms.store_room",
    "required": true
  },
  "Pooja Room_G": {
    "type": "number",
    "key_name": "rooms.pooja_room",
    "required": true
  },
  "Shops_G": {
    "type": "number",
    "key_name": "rooms.shops",
    "required": true
  },
  "Split Bathrooms_G": {
    "type": "number",
    "key_name": "rooms.split_bathrooms",
    "required": true
  },
  "Combined Bathrooms_G": {
    "type": "number",
    "key_name": "rooms.combined_bathrooms",
    "required": true
  },
  "Master Bedroom_G": {
    "type": "number",
    "key_name": "rooms.master_bedroom",
    "required": true
  },
  "Total Bathrooms_G+1": {
    "type": "number",
    "key_name": "rooms.total_bathrooms",
    "required": true
  },
  "Attached Bathrooms_G+1": {
    "type": "number",
    "key_name": "rooms.attached_bathrooms",
    "required": true
  },
  "Common Bathrooms_G+1": {
    "type": "number",
    "key_name": "rooms.common_bathrooms",
    "required": true
  },
  "Dining Room_G+1": {
    "type": "number",
    "key_name": "rooms.dining_room",
    "required": true
  },
  "Living Room_G+1": {
    "type": "number",
    "key_name": "rooms.living_room",
    "required": true
  },
  "Kitchen_G+1": {
    "type": "number",
    "key_name": "rooms.kitchen",
    "required": true
  },
  "Family Room_G+1": {
    "type": "number",
    "key_name": "rooms.family_room",
    "required": true
  },
  "Store Room_G+1": {
    "type": "number",
    "key_name": "rooms.store_room",
    "required": true
  },
  "Pooja Room_G+1": {
    "type": "number",
    "key_name": "rooms.pooja_room",
    "required": true
  },
  "Shops_G+1": {
    "type": "number",
    "key_name": "rooms.shops",
    "required": true
  },
  "Split Bathrooms_G+1": {
    "type": "number",
    "key_name": "rooms.split_bathrooms",
    "required": true
  },
  "Combined Bathrooms_G+1": {
    "type": "number",
    "key_name": "rooms.combined_bathrooms",
    "required": true
  },
  "Master Bedroom_G+1": {
    "type": "number",
    "key_name": "rooms.master_bedroom",
    "required": true
  },
  "Total Bathrooms_G+2": {
    "type": "number",
    "key_name": "rooms.total_bathrooms",
    "required": true
  },
  "Attached Bathrooms_G+2": {
    "type": "number",
    "key_name": "rooms.attached_bathrooms",
    "required": true
  },
  "Common Bathrooms_G+2": {
    "type": "number",
    "key_name": "rooms.common_bathrooms",
    "required": true
  },
  "Dining Room_G+2": {
    "type": "number",
    "key_name": "rooms.dining_room",
    "required": true
  },
  "Living Room_G+2": {
    "type": "number",
    "key_name": "rooms.living_room",
    "required": true
  },
  "Kitchen_G+2": {
    "type": "number",
    "key_name": "rooms.kitchen",
    "required": true
  },
  "Family Room_G+2": {
    "type": "number",
    "key_name": "rooms.family_room",
    "required": true
  },
  "Store Room_G+2": {
    "type": "number",
    "key_name": "rooms.store_room",
    "required": true
  },
  "Pooja Room_G+2": {
    "type": "number",
    "key_name": "rooms.pooja_room",
    "required": true
  },
  "Shops_G+2": {
    "type": "number",
    "key_name": "rooms.shops",
    "required": true
  },
  "Split Bathrooms_G+2": {
    "type": "number",
    "key_name": "rooms.split_bathrooms",
    "required": true
  },
  "Combined Bathrooms_G+2": {
    "type": "number",
    "key_name": "rooms.combined_bathrooms",
    "required": true
  },
  "Master Bedroom_G+2": {
    "type": "number",
    "key_name": "rooms.master_bedroom",
    "required": true
  },
  "Total Bathrooms_G+3": {
    "type": "number",
    "key_name": "rooms.total_bathrooms",
    "required": true
  },
  "Attached Bathrooms_G+3": {
    "type": "number",
    "key_name": "rooms.attached_bathrooms",
    "required": true
  },
  "Common Bathrooms_G+3": {
    "type": "number",
    "key_name": "rooms.common_bathrooms",
    "required": true
  },
  "Dining Room_G+3": {
    "type": "number",
    "key_name": "rooms.dining_room",
    "required": true
  },
  "Living Room_G+3": {
    "type": "number",
    "key_name": "rooms.living_room",
    "required": true
  },
  "Kitchen_G+3": {
    "type": "number",
    "key_name": "rooms.kitchen",
    "required": true
  },
  "Family Room_G+3": {
    "type": "number",
    "key_name": "rooms.family_room",
    "required": true
  },
  "Store Room_G+3": {
    "type": "number",
    "key_name": "rooms.store_room",
    "required": true
  },
  "Pooja Room_G+3": {
    "type": "number",
    "key_name": "rooms.pooja_room",
    "required": true
  },
  "Shops_G+3": {
    "type": "number",
    "key_name": "rooms.shops",
    "required": true
  },
  "Split Bathrooms_G+3": {
    "type": "number",
    "key_name": "rooms.split_bathrooms",
    "required": true
  },
  "Combined Bathrooms_G+3": {
    "type": "number",
    "key_name": "rooms.combined_bathrooms",
    "required": true
  },
  "Master Bedroom_G+3": {
    "type": "number",
    "key_name": "rooms.master_bedroom",
    "required": true
  },
  "Total Bathrooms_G+4": {
    "type": "number",
    "key_name": "rooms.total_bathrooms",
    "required": true
  },
  "Attached Bathrooms_G+4": {
    "type": "number",
    "key_name": "rooms.attached_bathrooms",
    "required": true
  },
  "Common Bathrooms_G+4": {
    "type": "number",
    "key_name": "rooms.common_bathrooms",
    "required": true
  },
  "Dining Room_G+4": {
    "type": "number",
    "key_name": "rooms.dining_room",
    "required": true
  },
  "Living Room_G+4": {
    "type": "number",
    "key_name": "rooms.living_room",
    "required": true
  },
  "Kitchen_G+4": {
    "type": "number",
    "key_name": "rooms.kitchen",
    "required": true
  },
  "Family Room_G+4": {
    "type": "number",
    "key_name": "rooms.family_room",
    "required": true
  },
  "Store Room_G+4": {
    "type": "number",
    "key_name": "rooms.store_room",
    "required": true
  },
  "Pooja Room_G+4": {
    "type": "number",
    "key_name": "rooms.pooja_room",
    "required": true
  },
  "Shops_G+4": {
    "type": "number",
    "key_name": "rooms.shops",
    "required": true
  },
  "Split Bathrooms_G+4": {
    "type": "number",
    "key_name": "rooms.split_bathrooms",
    "required": true
  },
  "Combined Bathrooms_G+4": {
    "type": "number",
    "key_name": "rooms.combined_bathrooms",
    "required": true
  },
  "Master Bedroom_G+4": {
    "type": "number",
    "key_name": "rooms.master_bedroom",
    "required": true
  },
  "Balcony": {
    "type": "dropdown",
    "key_name": "open_areas.balcony",
    "required": true,
    "values": [
      "YES",
      "NO",
      "NULL"
    ]
  },
  "Type of Entrance": {
    "type": "dropdown",
    "key_name": "open_areas.type_of_entrance",
    "required": true,
    "values": [
      "Porch with Flat Slab",
      "Porch with Sloping Roof",
      "No Porch",
      "Entrance through Driveway"
    ]
  },
  "Garden": {
    "type": "dropdown",
    "key_name": "open_areas.garden",
    "required": true,
    "values": [
      "YES",
      "NO",
      "NULL"
    ]
  },
  "Courtyard": {
    "type": "dropdown",
    "key_name": "open_areas.courtyard",
    "required": true,
    "values": [
      "YES",
      "NO",
      "NULL"
    ]
  },
  "Front Yard": {
    "type": "dropdown",
    "key_name": "open_areas.frontyard",
    "required": true,
    "values": [
      "YES",
      "NO",
      "NULL"
    ]
  },
  "Back Yard": {
    "type": "dropdown",
    "key_name": "open_areas.backyard",
    "required": true,
    "values": [
      "YES",
      "NO",
      "NULL"
    ]
  },
  "Terrace": {
    "type": "dropdown",
    "key_name": "open_areas.terrace",
    "required": true,
    "values": [
      "YES",
      "NO",
      "NULL"
    ]
  },
  "Library": {
    "type": "dropdown",
    "key_name": "special_amenities.library",
    "required": true,
    "values": [
      "YES",
      "NO",
      "NULL"
    ]
  },
  "Home Theatre": {
    "type": "dropdown",
    "key_name": "special_amenities.home_theatre",
    "required": true,
    "values": [
      "YES",
      "NO",
      "NULL"
    ]
  },
  "Pool": {
    "type": "dropdown",
    "key_name": "special_amenities.pool",
    "required": true,
    "values": [
      "YES",
      "NO",
      "NULL"
    ]
  },
  "Gym": {
    "type": "dropdown",
    "key_name": "special_amenities.gym",
    "required": true,
    "values": [
      "YES",
      "NO",
      "NULL"
    ]
  },
  "Study Room": {
    "type": "dropdown",
    "key_name": "special_amenities.study_room",
    "required": true,
    "values": [
      "YES",
      "NO",
      "NULL"
    ]
  },
  "Game Room": {
    "type": "dropdown",
    "key_name": "special_amenities.game_room",
    "required": true,
    "values": [
      "YES",
      "NO",
      "NULL"
    ]
  },
  "Roof type": {
    "type": "dropdown",
    "key_name": "roof.roof_type",
    "required": true,
    "values": [
      "Flat",
      "Sloped",
      "Composite",
      "Free Form"
    ]
  },
  "Stylized configuration": {
    "type": "dropdown",
    "key_name": "stylized.stylized_configuration",
    "required": true,
    "values": [
      "Basic",
      "Stylized A",
      "Stylized B",
      "Stylized C"
    ]
  },
  "Brick": {
    "type": "dropdown",
    "key_name": "material_treatment.brick",
    "required": true,
    "values": [
      "YES",
      "NO",
      "NULL"
    ]
  },
  "Stone": {
    "type": "dropdown",
    "key_name": "material_treatment.stone",
    "required": true,
    "values": [
      "YES",
      "NO",
      "NULL"
    ]
  },
  "Wood": {
    "type": "dropdown",
    "key_name": "material_treatment.wood",
    "required": true,
    "values": [
      "YES",
      "NO",
      "NULL"
    ]
  },
  "Tile": {
    "type": "dropdown",
    "key_name": "material_treatment.tile",
    "required": true,
    "values": [
      "YES",
      "NO",
      "NULL"
    ]
  },
  "Aluminium composite panel": {
    "type": "dropdown",
    "key_name": "material_treatment.aluminium_composite_panel",
    "required": true,
    "values": [
      "YES",
      "NO",
      "NULL"
    ]
  },
  "Glass curtain wall": {
    "type": "dropdown",
    "key_name": "material_treatment.glass_curtain_wall",
    "required": true,
    "values": [
      "YES",
      "NO",
      "NULL"
    ]
  },
  "Pergola": {
    "type": "dropdown",
    "key_name": "structural_elements.pergola",
    "required": true,
    "values": [
      "YES",
      "NO",
      "NULL"
    ]
  },
  "Jaali": {
    "type": "dropdown",
    "key_name": "structural_elements.jaali",
    "required": true,
    "values": [
      "YES",
      "NO",
      "NULL"
    ]
  },
  "Green wall": {
    "type": "dropdown",
    "key_name": "structural_elements.green_wall",
    "required": true,
    "values": [
      "YES",
      "NO",
      "NULL"
    ]
  },
  "Planter": {
    "type": "dropdown",
    "key_name": "structural_elements.planter",
    "required": true,
    "values": [
      "YES",
      "NO",
      "NULL"
    ]
  },
  "Double height open area": {
    "type": "dropdown",
    "key_name": "structural_elements.double_height_open_area",
    "required": true,
    "values": [
      "YES",
      "NO",
      "NULL"
    ]
  },
  "Elevation element": {
    "type": "dropdown",
    "key_name": "structural_elements.elevation_element",
    "required": true,
    "values": [
      "YES",
      "NO",
      "NULL"
    ]
  },
  "Color scheme": {
    "type": "dropdown",
    "key_name": "colors.color_scheme",
    "required": true,
    "values": [
      "Neutral",
      "Bright",
      "Dull",
      "Pastel",
      "White with Accent Colors"
    ]
  },
  "Color used": {
    "type": "string",
    "key_name": "colors.color_used",
    "required": true
  },
  "Left Set Back": {
    "type": "feetAndInches",
    "key_name": "plot_details.left_set_back",
    "required": true
  },
  "Right Set Back": {
    "type": "feetAndInches",
    "key_name": "plot_details.right_set_back",
    "required": true
  },
  "Front Set Back": {
    "type": "feetAndInches",
    "key_name": "plot_details.front_set_back",
    "required": true
  },
  "Rear Set Back": {
    "type": "feetAndInches",
    "key_name": "plot_details.rear_set_back",
    "required": true
  },
  "Porch": {
    "type": "dropdown",
    "key_name": "open_areas.porch",
    "required": true,
    "values": [
      "YES",
      "NO",
      "NULL"
    ]
  },
  "Verandah": {
    "type": "dropdown",
    "key_name": "open_areas.verandah",
    "required": true,
    "values": [
      "YES",
      "NO",
      "NULL"
    ]
  },
  "Reference images": {
    "type": "image_link",
    "key_name": "reference_images",
    "required": true,
    "file_type": [
      "jpg",
      "png",
      "gif",
      "tiff"
    ]
  },
  "Vault": {
    "type": "dropdown",
    "key_name": "structural_elements.vault",
    "required": true,
    "values": [
      "YES",
      "NO",
      "NULL"
    ]
  },
  "Partner id": {
    "type": "string",
    "key_name": "partner_details.partner_id",
    "required": true
  },
  "Partner name": {
    "type": "string",
    "key_name": "partner_details.partner_name",
    "required": true
  },
  "Partner number": {
    "type": "string",
    "key_name": "partner_details.partner_number",
    "required": true
  },
  "Project id": {
    "type": "number",
    "key_name": "partner_details.project_id",
    "required": true
  },
  "Project title": {
    "type": "string",
    "key_name": "partner_details.project_title",
    "required": true
  },
  "Is Active": {
    "type": "dropdown",
    "key_name": "is_active",
    "required": false,
    "values": [
      0,
      1
    ]
  },
  "Number of times reused": {
    "type": "number",
    "key_name": "number_of_times_reused",
    "required": true
  },
  "Number of times viewed": {
    "type": "number",
    "key_name": "number_of_times_viewed",
    "required": true
  },
  "Created By": {
    "type": "string",
    "key_name": "created_by",
    "required": false
  },
  "Updated By": {
    "type": "string",
    "key_name": "updated_by",
    "required": false
  },
  "Created At": {
    "type": "string",
    "key_name": "created_at",
    "required": false
  },
  "Updated At": {
    "type": "string",
    "key_name": "updated_at",
    "required": false
  },
  "Status": {
    "type": "string",
    "key_name": "status",
    "required": false
  },
  "Valid": {
    "type": "string",
    "key_name": "valid",
    "required": false
  },
  "Invalid": {
    "type": "string",
    "key_name": "invalid",
    "required": false
  },
  "Duplicate": {
    "type": "string",
    "key_name": "duplicate",
    "required": false
  }
}