{
  "Unique ID": {
    "type": "string",
    "key_name": "unique_id",
    "required": true
  },
  "Source": {
    "type": "dropdown",
    "key_name": "source",
    "required": true,
    "values": [
      "Styles Gallery",
      "Service Request",
      "Crowd Sourced",
      "Campaigns"
    ],
    "element_type": [
      "Door",
      "Columns",
      "Elevations",
      "Grill",
      "Gates",
      "Porch",
      "Roof",
      "Compound Wall",
      "Window",
      "Staircase"
    ]
  },
  "Element Type": {
    "type": "dropdown",
    "key_name": "element_type",
    "required": true,
    "values": [
      "Door",
      "Columns",
      "Elevations",
      "Grill",
      "Gates",
      "Porch",
      "Roof",
      "Compound Wall",
      "Window",
      "Staircase"
    ],
    "element_type": [
      "Door",
      "Columns",
      "Elevations",
      "Grill",
      "Gates",
      "Porch",
      "Roof",
      "Compound Wall",
      "Window",
      "Staircase",
      "Elevations"
    ]
  },
  "Element Name": {
    "type": "string",
    "key_name": "element_name",
    "required": true,
    "element_type": [
      "Door",
      "Columns",
      "Elevations",
      "Grill",
      "Gates",
      "Porch",
      "Roof",
      "Compound Wall",
      "Window",
      "Staircase"
    ]
  },
  "Style": {
    "type": "custom_dropdown",
    "key_name": "style",
    "required": true,
    "values": [
      "Traditional",
      "Classic",
      "Modern",
      "Artistic",
      "Unique",
      "Linear",
      "Curved",
      "Combination"
    ],
    "Elevations": [],
    "Door": [
      "Traditional",
      "Classic",
      "Modern",
      "Artistic"
    ],
    "Columns": [
      "Traditional",
      "Classic",
      "Modern",
      "Unique"
    ],
    "Grill": [
      "Linear",
      "Curved",
      "Combination",
      "Unique"
    ],
    "Gates": [
      "Linear",
      "Curved",
      "Combination",
      "Unique"
    ],
    "Porch": [
      "Traditional",
      "Classic",
      "Modern",
      "Unique"
    ],
    "Roof": [
      "Traditional",
      "Classic",
      "Modern",
      "Unique"
    ],
    "Compound Wall": [
      "Traditional",
      "Modern",
      "Unique"
    ],
    "Window": [
      "Traditional",
      "Modern",
      "Unique"
    ],
    "Staircase": [
      "Classic",
      "Modern"
    ]
  },
  "Shape": {
    "type": "custom_dropdown",
    "key_name": "shape",
    "required": true,
    "values": [
      "Rectangular",
      "Arched",
      "Spiral",
      "Curved",
      "Linear",
      "Polygonal",
      "Circular"
    ],
    "Elevations": [],
    "Door": [
      "Rectangular",
      "Arched"
    ],
    "Columns": [],
    "Grill": [],
    "Gates": [],
    "Porch": [],
    "Roof": [],
    "Compound Wall": [],
    "Window": [
      "Rectangular",
      "Arched",
      "Circular",
      "Polygonal"
    ],
    "Staircase": [
      "Spiral",
      "Curved",
      "Linear"
    ]
  },
  "Material": {
    "type": "custom_dropdown",
    "key_name": "material",
    "required": true,
    "values": [
      "Wood",
      "Glass",
      "Stainless Steel",
      "Composite",
      "Wrought Iron",
      "Steel Cable",
      "Clay Tiles",
      "Corrugated Metal Decking",
      "Acrylic Sheet",
      "Paint Plaster",
      "Stone Roof Shingles",
      "Paint",
      "Metal",
      "Aluminum",
      "Mild Steel",
      "UPVC",
      "RCC",
      "Brick",
      "Stone"
    ],
    "Elevations": [],
    "Door": [
      "Wood",
      "Metal",
      "Aluminum",
      "Glass"
    ],
    "Columns": [],
    "Grill": [
      "Mild Steel",
      "Wrought Iron",
      "Steel Cable"
    ],
    "Gates": [
      "Mild Steel",
      "Wrought Iron",
      "Stainless Steel",
      "Aluminum",
      "Wood",
      "Composite"
    ],
    "Porch": [],
    "Roof": [],
    "Compound Wall": [
      "Brick",
      "Stone",
      "Paint",
      "Wood",
      "Metal"
    ],
    "Window": [
      "Aluminum",
      "Mild Steel",
      "Wood",
      "UPVC"
    ],
    "Staircase": []
  },
  "Location": {
    "type": "custom_dropdown",
    "key_name": "location",
    "required": true,
    "values": [
      "Main Door",
      "Interior Door",
      "Back Door",
      "Balcony Door"
    ],
    "Elevations": [],
    "Door": [
      "Main Door",
      "Interior Door",
      "Back Door",
      "Balcony Door"
    ],
    "Columns": [],
    "Grill": [],
    "Gates": [],
    "Porch": [],
    "Roof": [],
    "Compound Wall": [],
    "Window": [],
    "Staircase": []
  },
  "Shutter": {
    "type": "custom_dropdown",
    "key_name": "shutter",
    "required": true,
    "values": [
      "Single Shutter",
      "Double Shutter",
      "Multi-Shutter"
    ],
    "Elevations": [],
    "Door": [
      "Single Shutter",
      "Double Shutter",
      "Multi-Shutter"
    ],
    "Columns": [],
    "Grill": [],
    "Gates": [],
    "Porch": [],
    "Roof": [],
    "Compound Wall": [],
    "Window": [],
    "Staircase": []
  },
  "Operation": {
    "type": "custom_dropdown",
    "key_name": "operation",
    "required": true,
    "values": [
      "Sliding Folding",
      "Pocket",
      "Hinged",
      "Pivoted",
      "RCC Waist Slab",
      "Masonry Load-Bearing",
      "Metal Fabrication",
      "Composite",
      "Cantilever",
      "Wood Fabrication",
      "Suspended"
    ],
    "Elevations": [],
    "Door": [
      "Hinged",
      "Sliding",
      "Folding",
      "Sliding Folding",
      "Pocket",
      "Pivoted"
    ],
    "Columns": [],
    "Grill": [],
    "Gates": [
      "Hinged",
      "Sliding",
      "Pivoted"
    ],
    "Porch": [],
    "Roof": [],
    "Compound Wall": [],
    "Window": [
      "Hinged",
      "Sliding",
      "Sliding Folding",
      "Louvered",
      "Pivoted",
      "Tilt and Turn",
      "Fixed"
    ],
    "Staircase": []
  },
  "Roof Type": {
    "type": "custom_dropdown",
    "key_name": "roof.roof_type",
    "required": true,
    "values": [
      "Flat Roof",
      "Sloping Roof",
      "Free Form Roof",
      "Composite Roof"
    ],
    "Elevations": [
      "Flat",
      "Sloped",
      "Composite",
      "Free Form"
    ],
    "Door": [],
    "Columns": [],
    "Grill": [],
    "Gates": [],
    "Porch": [
      "Flat Roof",
      "Sloping Roof",
      "Pergola"
    ],
    "Roof": [
      "Flat Roof",
      "Sloping Roof",
      "Free Form Roof",
      "Composite Roof"
    ],
    "Compound Wall": [],
    "Window": [],
    "Staircase": []
  },
  "Material Finish": {
    "type": "custom_dropdown",
    "key_name": "material_finish",
    "required": true,
    "values": [
      "Clay Tiles",
      "Corrugated Metal Decking",
      "Acrylic Sheet",
      "Paint Plaster",
      "Stone Roof Shingles",
      "Brick",
      "Stone",
      "Wood",
      "Metal",
      "Concreter"
    ],
    "Elevations": [],
    "Door": [],
    "Columns": [
      "Brick",
      "Stone",
      "Wood",
      "Metal",
      "Concrete",
      "Paint Plaster"
    ],
    "Grill": [],
    "Gates": [],
    "Porch": [],
    "Roof": [
      "Clay Tiles",
      "Corrugated Metal Decking",
      "Acrylic Sheet",
      "Paint Plaster",
      "Stone Roof Shingles"
    ],
    "Compound Wall": [],
    "Window": [],
    "Staircase": []
  },
  "Privacy": {
    "type": "custom_dropdown",
    "key_name": "privacy",
    "required": true,
    "values": [
      "Full",
      "Semi"
    ],
    "Elevations": [],
    "Door": [],
    "Columns": [],
    "Grill": [],
    "Gates": [],
    "Porch": [],
    "Roof": [],
    "Compound Wall": [
      "Full",
      "Semi"
    ],
    "Window": [],
    "Staircase": []
  },
  "Type": {
    "type": "custom_dropdown",
    "key_name": "type",
    "required": true,
    "values": [
      "Modular",
      "Continuous",
      "Box Grill",
      "Inset Grill"
    ],
    "Elevations": [],
    "Door": [],
    "Columns": [],
    "Grill": [
      "Box Grill",
      "Inset Grill"
    ],
    "Gates": [],
    "Porch": [],
    "Roof": [],
    "Compound Wall": [
      "Modular",
      "Continuous"
    ],
    "Window": [
      "Bay Window",
      "Corner Window",
      "French Window",
      "Standard Window",
      "Ventilator",
      "Skylight",
      "Dormer Window"
    ],
    "Staircase": []
  },
  "Accessible Terrace": {
    "type": "dropdown",
    "key_name": "accessible_terrace",
    "required": true,
    "values": [
      "YES",
      "NO",
      "NULL"
    ],
    "element_type": [
      "Door",
      "Columns",
      "Grill",
      "Gates",
      "Porch",
      "Roof",
      "Compound Wall",
      "Window",
      "Staircase"
    ]
  },
  "Construction": {
    "type": "custom_dropdown",
    "key_name": "construction",
    "required": true,
    "values": [
      "Wooden Truss System",
      "RCC Slab",
      "Metal Truss System"
    ],
    "Elevations": [],
    "Door": [],
    "Columns": [],
    "Grill": [],
    "Gates": [],
    "Porch": [],
    "Roof": [
      "Wooden Truss System",
      "RCC Slab",
      "Metal Truss System"
    ],
    "Compound Wall": [],
    "Window": [],
    "Staircase": [
      "RCC Waist Slab",
      "Masonry Load-Bearing",
      "Metal Fabrication",
      "Composite",
      "Cantilever",
      "Wood Fabrication",
      "Suspended"
    ]
  },
  "Railing": {
    "type": "dropdown",
    "key_name": "railing",
    "required": true,
    "values": [
      "YES",
      "NO",
      "NULL"
    ],
    "element_type": [
      "Door",
      "Columns",
      "Grill",
      "Gates",
      "Porch",
      "Roof",
      "Compound Wall",
      "Window",
      "Staircase"
    ]
  },
  "Railing Style": {
    "type": "custom_dropdown",
    "key_name": "railing_style",
    "required": true,
    "values": [
      "Linear",
      "Curved",
      "Combination",
      "Unique"
    ],
    "Elevations": [],
    "Door": [],
    "Columns": [],
    "Grill": [],
    "Gates": [],
    "Porch": [],
    "Roof": [],
    "Compound Wall": [],
    "Window": [],
    "Staircase": [
      "Linear",
      "Curved",
      "Combination",
      "Unique"
    ]
  },
  "Staricase Material": {
    "type": "custom_dropdown",
    "key_name": "staircase_material",
    "required": true,
    "values": [
      "Wood",
      "RCC",
      "Metal",
      "Brick",
      "Stone"
    ],
    "Elevations": [],
    "Door": [],
    "Columns": [],
    "Grill": [],
    "Gates": [],
    "Porch": [],
    "Roof": [],
    "Compound Wall": [],
    "Window": [],
    "Staircase": [
      "Wood",
      "RCC",
      "Metal",
      "Brick",
      "Stone"
    ]
  },
  "Railing Material": {
    "type": "custom_dropdown",
    "key_name": "railing_material",
    "required": true,
    "values": [
      "Metal",
      "Wood",
      "Glass"
    ],
    "Elevations": [],
    "Door": [],
    "Columns": [],
    "Grill": [],
    "Gates": [],
    "Porch": [],
    "Roof": [],
    "Compound Wall": [],
    "Window": [],
    "Staircase": [
      "Metal",
      "Wood",
      "Glass"
    ]
  },
  "Height": {
    "type": "custom_dropdown",
    "key_name": "height",
    "required": true,
    "values": [
      "Full Height (above 7 feet)",
      "Part Height (5 - 6 feet)"
    ],
    "Elevations": [],
    "Door": [],
    "Columns": [],
    "Grill": [],
    "Gates": [
      "Full Height (above 7 feet)",
      "Part Height (5 - 6 feet)"
    ],
    "Porch": [],
    "Roof": [],
    "Compound Wall": [],
    "Window": [],
    "Staircase": []
  },
  "Accessibility": {
    "type": "custom_dropdown",
    "key_name": "accessibility",
    "required": true,
    "values": [
      "Pedestrian",
      "Vehicular",
      "Pedestrian & Vehicular"
    ],
    "Elevations": [],
    "Door": [],
    "Columns": [],
    "Grill": [],
    "Gates": [
      "Pedestrian",
      "Vehicular",
      "Pedestrian & Vehicular"
    ],
    "Porch": [],
    "Roof": [],
    "Compound Wall": [],
    "Window": [],
    "Staircase": []
  },
  "Image Files": {
    "type": "image_link",
    "key_name": "image_files",
    "required": true,
    "file_type": [
      "jpg",
      "png",
      "gif",
      "tiff"
    ],
    "element_type": [
      "Door",
      "Columns",
      "Grill",
      "Gates",
      "Porch",
      "Roof",
      "Compound Wall",
      "Window",
      "Staircase"
    ]
  },
  "Raw Files Availability": {
    "type": "dropdown",
    "key_name": "raw_files_availability",
    "required": true,
    "values": [
      "YES",
      "NO",
      "NULL"
    ],
    "element_type": [
      "Door",
      "Columns",
      "Grill",
      "Gates",
      "Porch",
      "Roof",
      "Compound Wall",
      "Window",
      "Staircase"
    ]
  },
  "Raw Files": {
    "type": "image_link",
    "key_name": "raw_files",
    "required": true,
    "file_type": [
      "jpg",
      "png",
      "gif",
      "tiff"
    ],
    "element_type": [
      "Door",
      "Columns",
      "Grill",
      "Gates",
      "Porch",
      "Roof",
      "Compound Wall",
      "Window",
      "Staircase"
    ]
  },
  "File Names": {
    "type": "string",
    "key_name": "file_names",
    "required": true,
    "element_type": [
      "Door",
      "Columns",
      "Grill",
      "Gates",
      "Porch",
      "Roof",
      "Compound Wall",
      "Window",
      "Staircase"
    ]
  },
  "SR Number / Library code": {
    "type": "string",
    "key_name": "sr_number",
    "required": true,
    "element_type": [
      "Elevations"
    ]
  },
  "Option": {
    "type": "string",
    "key_name": "option_number",
    "required": true,
    "element_type": [
      "Elevations"
    ]
  },
  "Design Label": {
    "type": "string",
    "key_name": "design_name",
    "required": true,
    "element_type": [
      "Elevations"
    ]
  },
  "Design Description": {
    "type": "string",
    "key_name": "design_short_description",
    "required": true,
    "element_type": [
      "Elevations"
    ]
  },
  "Design Long Description": {
    "type": "string",
    "key_name": "design_long_description",
    "required": true,
    "element_type": [
      "Elevations"
    ]
  },
  "3D Linked Design ID": {
    "type": "string",
    "key_name": "three_d_linked_design_id",
    "required": true,
    "element_type": [
      "Elevations"
    ]
  },
  "Linked 2D Rendered Plan JPG ID G": {
    "type": "image_link",
    "key_name": "files.two_d_rendered_plan_jpg.ground",
    "required": true,
    "file_type": [
      "jpg",
      "png",
      "gif",
      "tiff"
    ],
    "element_type": [
      "Elevations"
    ]
  },
  "Linked 2D Rendered Plan JPG ID G+1": {
    "type": "image_link",
    "key_name": "files.two_d_rendered_plan_jpg.ground_plus_one",
    "required": true,
    "file_type": [
      "jpg",
      "png",
      "gif",
      "tiff"
    ],
    "element_type": [
      "Elevations"
    ]
  },
  "Linked 2D Rendered Plan JPG ID G+2": {
    "type": "image_link",
    "key_name": "files.two_d_rendered_plan_jpg.ground_plus_two",
    "required": true,
    "file_type": [
      "jpg",
      "png",
      "gif",
      "tiff"
    ],
    "element_type": [
      "Elevations"
    ]
  },
  "Linked 2D Rendered Plan JPG ID G+3": {
    "type": "image_link",
    "key_name": "files.two_d_rendered_plan_jpg.ground_plus_three",
    "required": true,
    "file_type": [
      "jpg",
      "png",
      "gif",
      "tiff"
    ],
    "element_type": [
      "Elevations"
    ]
  },
  "Linked 2D Rendered Plan JPG ID G+4": {
    "type": "image_link",
    "key_name": "files.two_d_rendered_plan_jpg.ground_plus_four",
    "required": true,
    "file_type": [
      "jpg",
      "png",
      "gif",
      "tiff"
    ],
    "element_type": [
      "Elevations"
    ]
  },
  "Linked 2D Rendered Plan JPG ID G+n": {
    "type": "image_link",
    "key_name": "files.two_d_rendered_plan_jpg.above_ground_plus_four",
    "required": true,
    "file_type": [
      "jpg",
      "png",
      "gif",
      "tiff"
    ],
    "element_type": [
      "Elevations"
    ]
  },
  "Linked 2D Rendered Plan JPG ID G+n Others": {
    "type": "image_link",
    "key_name": "files.two_d_rendered_plan_jpg.others",
    "required": true,
    "file_type": [
      "jpg",
      "png",
      "gif",
      "tiff"
    ],
    "element_type": [
      "Elevations"
    ]
  },
  "Linked 2D Rendered Plan PDF ID G": {
    "type": "image_link",
    "key_name": "files.two_d_line_drawing_pdf.two_d_line_drawing_pdf_id",
    "required": true,
    "file_type": [
      "pdf"
    ],
    "element_type": [
      "Elevations"
    ]
  },
  "Linked 2D Line drawing JPG G": {
    "type": "image_link",
    "key_name": "files.two_d_line_drawing_jpg.ground",
    "required": true,
    "file_type": [
      "jpg",
      "png",
      "gif",
      "tiff"
    ],
    "element_type": [
      "Elevations"
    ]
  },
  "Linked 2D Line drawing JPG G+1": {
    "type": "image_link",
    "key_name": "files.two_d_line_drawing_jpg.ground_plus_one",
    "required": true,
    "file_type": [
      "jpg",
      "png",
      "gif",
      "tiff"
    ],
    "element_type": [
      "Elevations"
    ]
  },
  "Linked 2D Line drawing JPG G+2": {
    "type": "image_link",
    "key_name": "files.two_d_line_drawing_jpg.ground_plus_two",
    "required": true,
    "file_type": [
      "jpg",
      "png",
      "gif",
      "tiff"
    ],
    "element_type": [
      "Elevations"
    ]
  },
  "Linked 2D Line drawing JPG G+3": {
    "type": "image_link",
    "key_name": "files.two_d_line_drawing_jpg.ground_plus_three",
    "required": true,
    "file_type": [
      "jpg",
      "png",
      "gif",
      "tiff"
    ],
    "element_type": [
      "Elevations"
    ]
  },
  "Linked 2D Line drawing JPG G+4": {
    "type": "image_link",
    "key_name": "files.two_d_line_drawing_jpg.ground_plus_four",
    "required": true,
    "file_type": [
      "jpg",
      "png",
      "gif",
      "tiff"
    ],
    "element_type": [
      "Elevations"
    ]
  },
  "Linked 2D Line drawing JPG G+n": {
    "type": "image_link",
    "key_name": "files.two_d_line_drawing_jpg.above_ground_plus_four",
    "required": true,
    "file_type": [
      "jpg",
      "png",
      "gif",
      "tiff"
    ],
    "element_type": [
      "Elevations"
    ]
  },
  "Linked 2D Line drawing JPG Others": {
    "type": "image_link",
    "key_name": "files.two_d_line_drawing_jpg.others",
    "required": true,
    "file_type": [
      "jpg",
      "png",
      "gif",
      "tiff"
    ],
    "element_type": [
      "Elevations"
    ]
  },
  "Linked 3D Design ID Front": {
    "type": "image_link",
    "key_name": "files.three_d_design_id.front",
    "required": true,
    "file_type": [
      "jpg",
      "png",
      "gif",
      "tiff"
    ],
    "element_type": [
      "Elevations"
    ]
  },
  "Linked 3D Design ID Right": {
    "type": "image_link",
    "key_name": "files.three_d_design_id.right_side",
    "required": true,
    "file_type": [
      "jpg",
      "png",
      "gif",
      "tiff"
    ],
    "element_type": [
      "Elevations"
    ]
  },
  "Linked 3D Design ID Left": {
    "type": "image_link",
    "key_name": "files.three_d_design_id.left_side",
    "required": true,
    "file_type": [
      "jpg",
      "png",
      "gif",
      "tiff"
    ],
    "element_type": [
      "Elevations"
    ]
  },
  "Linked 3D Design ID Rear": {
    "type": "image_link",
    "key_name": "files.three_d_design_id.rear_side",
    "required": true,
    "file_type": [
      "jpg",
      "png",
      "gif",
      "tiff"
    ],
    "element_type": [
      "Elevations"
    ]
  },
  "Linked 3D Design ID Internal": {
    "type": "image_link",
    "key_name": "files.three_d_design_id.internal",
    "required": true,
    "file_type": [
      "jpg",
      "png",
      "gif",
      "tiff"
    ],
    "element_type": [
      "Elevations"
    ]
  },
  "3D Cut ISO JPG- G": {
    "type": "image_link",
    "key_name": "files.three_d_cut_iso_jpg.ground",
    "required": true,
    "file_type": [
      "jpg",
      "png",
      "gif",
      "tiff"
    ],
    "element_type": [
      "Elevations"
    ]
  },
  "3D Cut ISO JPG- G+1": {
    "type": "image_link",
    "key_name": "files.three_d_cut_iso_jpg.ground_plus_one",
    "required": true,
    "file_type": [
      "jpg",
      "png",
      "gif",
      "tiff"
    ],
    "element_type": [
      "Elevations"
    ]
  },
  "3D Cut ISO JPG- G+2": {
    "type": "image_link",
    "key_name": "files.three_d_cut_iso_jpg.ground_plus_two",
    "required": true,
    "file_type": [
      "jpg",
      "png",
      "gif",
      "tiff"
    ],
    "element_type": [
      "Elevations"
    ]
  },
  "3D Cut ISO JPG- G+3": {
    "type": "image_link",
    "key_name": "files.three_d_cut_iso_jpg.ground_plus_three",
    "required": true,
    "file_type": [
      "jpg",
      "png",
      "gif",
      "tiff"
    ],
    "element_type": [
      "Elevations"
    ]
  },
  "3D Cut ISO JPG- G+4": {
    "type": "image_link",
    "key_name": "files.three_d_cut_iso_jpg.ground_plus_four",
    "required": true,
    "file_type": [
      "jpg",
      "png",
      "gif",
      "tiff"
    ],
    "element_type": [
      "Elevations"
    ]
  },
  "3D Cut ISO JPG- G+n": {
    "type": "image_link",
    "key_name": "files.three_d_cut_iso_jpg.above_ground_plus_four",
    "required": true,
    "file_type": [
      "jpg",
      "png",
      "gif",
      "tiff"
    ],
    "element_type": [
      "Elevations"
    ]
  },
  "3D Cut ISO JPG- others": {
    "type": "image_link",
    "key_name": "files.three_d_cut_iso_jpg.others",
    "required": true,
    "file_type": [
      "jpg",
      "png",
      "gif",
      "tiff"
    ],
    "element_type": [
      "Elevations"
    ]
  },
  "Linked Estimation ID": {
    "type": "image_link",
    "key_name": "files.linked_estimation_id.estimation_id",
    "required": true,
    "file_type": [
      "jpg",
      "png",
      "gif",
      "tiff"
    ],
    "element_type": [
      "Elevations"
    ]
  },
  "Sketch up file ID": {
    "type": "image_link",
    "key_name": "files.linked_stetch_up_file.sketch_up_file_id",
    "required": true,
    "file_type": [
      "skp"
    ],
    "element_type": [
      "Elevations"
    ]
  },
  "Linked DWG file ID": {
    "type": "image_link",
    "key_name": "files.linked_dwg_file.linked_dwg_file_id",
    "required": true,
    "file_type": [
      "dwg"
    ],
    "element_type": [
      "Elevations"
    ]
  },
  "Linked PSD file ID": {
    "type": "image_link",
    "key_name": "files.linked_psd_file.linked_psd_file_id",
    "required": true,
    "file_type": [
      "psd"
    ],
    "element_type": [
      "Elevations"
    ]
  },
  "Linked PPT file ID": {
    "type": "image_link",
    "key_name": "files.linked_ppt_file.linked_ppt_file_id",
    "required": true,
    "file_type": [
      "ppt"
    ],
    "element_type": [
      "Elevations"
    ]
  },
  "Utech PRO file link ID": {
    "type": "string",
    "key_name": "files.utec_pro_link.utec_pro_link_id",
    "required": true,
    "element_type": [
      "Elevations"
    ]
  },
  "Suitable Plot Area": {
    "type": "number",
    "key_name": "plot_details.plot_area",
    "required": true,
    "element_type": [
      "Elevations"
    ]
  },
  "Suitable Plot Length": {
    "type": "feetAndInches",
    "key_name": "plot_details.plot_length",
    "required": true,
    "element_type": [
      "Elevations"
    ]
  },
  "Suitable Plot Width": {
    "type": "number",
    "key_name": "plot_details.plot_width",
    "required": true,
    "element_type": [
      "Elevations"
    ]
  },
  "Plot Entrance Width Range": {
    "type": "string",
    "key_name": "plot_details.plot_entrance_width_range",
    "required": false,
    "element_type": [
      "Elevations"
    ]
  },
  "Plot Shape": {
    "type": "dropdown",
    "key_name": "plot_details.plot_shape",
    "required": true,
    "element_type": [
      "Elevations"
    ],
    "values": [
      "L Shaped",
      "Trapezoidal",
      "Rectangle",
      "Square",
      "Irregular"
    ]
  },
  "Open Sides of the Plot": {
    "type": "number",
    "key_name": "plot_details.open_sides_of_the_plot",
    "required": true,
    "element_type": [
      "Elevations"
    ]
  },
  "Closed Sides of the Plot": {
    "type": "number",
    "key_name": "plot_details.close_sides_of_the_plot",
    "required": true,
    "element_type": [
      "Elevations"
    ]
  },
  "Typology": {
    "type": "dropdown",
    "key_name": "project_details.typology",
    "required": true,
    "element_type": [
      "Elevations"
    ],
    "values": [
      "Residential",
      "Multiple Residential Units",
      "Residential Twin Structure",
      "Residential and Commercial",
      "Commercial"
    ]
  },
  "Estimated Cost of Construction": {
    "type": "number",
    "key_name": "project_details.estimated_cost_of_construction",
    "required": true,
    "element_type": [
      "Elevations"
    ]
  },
  "Low Range Budget": {
    "type": "number",
    "key_name": "project_details.low_range_budget",
    "required": true,
    "element_type": [
      "Elevations"
    ]
  },
  "High Range Budget": {
    "type": "number",
    "key_name": "project_details.high_range_budget",
    "required": true,
    "element_type": [
      "Elevations"
    ]
  },
  "Built up area": {
    "type": "number",
    "key_name": "project_details.builtup_area",
    "required": true,
    "element_type": [
      "Elevations"
    ]
  },
  "Floor Plate Area of Ground Floor": {
    "type": "number",
    "key_name": "project_details.floor_plate_area_of_ground_floor",
    "required": true,
    "element_type": [
      "Elevations"
    ]
  },
  "Floor Plate Length": {
    "type": "feetAndInches",
    "key_name": "project_details.floor_plate_length",
    "required": true,
    "element_type": [
      "Elevations"
    ]
  },
  "Floor Plate Width (Entrance Side)": {
    "type": "number",
    "key_name": "project_details.floor_plate_width",
    "required": true,
    "element_type": [
      "Elevations"
    ]
  },
  "Floors": {
    "type": "dropdown",
    "key_name": "project_details.floors",
    "required": true,
    "element_type": [
      "Elevations"
    ],
    "values": [
      "G",
      "G+1",
      "G+2",
      "G+3",
      "G+4",
      "Above G+4"
    ]
  },
  "Bedrooms": {
    "type": "number",
    "key_name": "project_details.bedrooms",
    "required": true,
    "element_type": [
      "Elevations"
    ]
  },
  "Shared Wall (building)": {
    "type": "number",
    "key_name": "project_details.shared_wall",
    "required": true,
    "element_type": [
      "Elevations"
    ]
  },
  "For 2 Shared wall": {
    "type": "dropdown",
    "key_name": "project_details.for_two_shared_wall_adjacent_parallel",
    "required": true,
    "element_type": [
      "Elevations"
    ],
    "values": [
      "Adjacent",
      "Parallel"
    ]
  },
  "Space Allocation": {
    "type": "dropdown",
    "key_name": "project_details.space_allocation",
    "required": true,
    "element_type": [
      "Elevations"
    ],
    "values": [
      "Private",
      "Balanced",
      "Family"
    ]
  },
  "Project Style": {
    "type": "dropdown",
    "key_name": "project_details.style",
    "required": true,
    "element_type": [
      "Elevations"
    ],
    "values": [
      "Stilt",
      "Porch",
      "Courtyard",
      "General"
    ]
  },
  "Staircase Internal": {
    "type": "number",
    "key_name": "project_details.staircase_internal",
    "required": true,
    "element_type": [
      "Elevations"
    ]
  },
  "Staircase External": {
    "type": "number",
    "key_name": "project_details.staircase_external",
    "required": true,
    "element_type": [
      "Elevations"
    ]
  },
  "Weather Conditions": {
    "type": "string",
    "key_name": "geography.weather_condition",
    "required": true,
    "element_type": [
      "Elevations"
    ]
  },
  "State": {
    "type": "string",
    "key_name": "geography.state",
    "required": true,
    "element_type": [
      "Elevations"
    ]
  },
  "City": {
    "type": "string",
    "key_name": "geography.city",
    "required": true,
    "element_type": [
      "Elevations"
    ]
  },
  "District": {
    "type": "string",
    "key_name": "geography.district",
    "required": true,
    "element_type": [
      "Elevations"
    ]
  },
  "Geo Coordinates": {
    "type": "geoPattern",
    "key_name": "geography.geo_coordinates",
    "required": true,
    "element_type": [
      "Elevations"
    ]
  },
  "Pincode": {
    "type": "number",
    "key_name": "geography.pincode",
    "required": true,
    "element_type": [
      "Elevations"
    ]
  },
  "Budget": {
    "type": "string",
    "key_name": "geography.budget",
    "required": true,
    "element_type": [
      "Elevations"
    ]
  },
  "Total Number of Family Members": {
    "type": "number",
    "key_name": "family_details.total_family_members",
    "required": true,
    "element_type": [
      "Elevations"
    ]
  },
  "Number of Senior Citizens (age 60+)": {
    "type": "number",
    "key_name": "family_details.number_of_senior_citizen",
    "required": true,
    "element_type": [
      "Elevations"
    ]
  },
  "Number of Adults (age 20 - 60)": {
    "type": "number",
    "key_name": "family_details.number_of_adults",
    "required": true,
    "element_type": [
      "Elevations"
    ]
  },
  "Number of Children (age  4 - 19)": {
    "type": "number",
    "key_name": "family_details.number_of_children",
    "required": true,
    "element_type": [
      "Elevations"
    ]
  },
  "Number of Infants (age 0 - 3)": {
    "type": "number",
    "key_name": "family_details.number_of_infants",
    "required": true,
    "element_type": [
      "Elevations"
    ]
  },
  "Basement": {
    "type": "dropdown",
    "key_name": "parking.basement",
    "required": true,
    "element_type": [
      "Elevations"
    ],
    "values": [
      "YES",
      "NO",
      "NULL"
    ]
  },
  "Stilts": {
    "type": "dropdown",
    "key_name": "parking.stilts",
    "required": true,
    "element_type": [
      "Elevations"
    ],
    "values": [
      "YES",
      "NO",
      "NULL"
    ]
  },
  "2 Wheeler Parking": {
    "type": "number",
    "key_name": "parking.two_wheeler_parking",
    "required": true,
    "element_type": [
      "Elevations"
    ]
  },
  "4 Wheeler Parking": {
    "type": "number",
    "key_name": "parking.four_wheeler_parking",
    "required": true,
    "element_type": [
      "Elevations"
    ]
  },
  "Maximum 3 stairs to enter the Ground Floor": {
    "type": "dropdown",
    "key_name": "senior_citizen_friendly.max_three_stairs_to_enter_the_ground_floor",
    "required": true,
    "element_type": [
      "Elevations"
    ],
    "values": [
      "YES",
      "NO",
      "NULL"
    ]
  },
  "1 BHK present on the Ground Floor": {
    "type": "dropdown",
    "key_name": "senior_citizen_friendly.one_bhk_on_ground_floor",
    "required": true,
    "element_type": [
      "Elevations"
    ],
    "values": [
      "YES",
      "NO",
      "NULL"
    ]
  },
  "Provision of Ramp": {
    "type": "dropdown",
    "key_name": "senior_citizen_friendly.provision_of_ramp",
    "required": true,
    "element_type": [
      "Elevations"
    ],
    "values": [
      "YES",
      "NO",
      "NULL"
    ]
  },
  "Vaastu Compliant": {
    "type": "dropdown",
    "key_name": "vaastu_compliancy.vaastu_compliant",
    "required": true,
    "element_type": [
      "Elevations"
    ],
    "values": [
      "YES",
      "NO",
      "NULL"
    ]
  },
  "Entry Direction": {
    "type": "custom_dropdown",
    "key_name": "vaastu_compliancy.entry_direction",
    "required": true,
    "element_type": [
      "Elevations"
    ],
    "values": [
      "North",
      "South",
      "East",
      "West",
      "North East",
      "North West",
      "South East",
      "South West"
    ]
  },
  "Orientation of the Kitchen": {
    "type": "custom_dropdown",
    "key_name": "vaastu_compliancy.orientation_of_kitchen",
    "required": true,
    "element_type": [
      "Elevations"
    ],
    "values": [
      "North",
      "South",
      "East",
      "West",
      "North East",
      "North West",
      "South East",
      "South West"
    ]
  },
  "Orientation of Pooja Room": {
    "type": "custom_dropdown",
    "key_name": "vaastu_compliancy.orientation_of_pooja_room",
    "required": true,
    "element_type": [
      "Elevations"
    ],
    "values": [
      "North",
      "South",
      "East",
      "West",
      "North East",
      "North West",
      "South East",
      "South West"
    ]
  },
  "Orientation of Master Bedroom": {
    "type": "custom_dropdown",
    "key_name": "vaastu_compliancy.orientation_of_master_bedrrom",
    "required": true,
    "element_type": [
      "Elevations"
    ],
    "values": [
      "North",
      "South",
      "East",
      "West",
      "North East",
      "North West",
      "South East",
      "South West"
    ]
  },
  "Total Bathrooms": {
    "type": "number",
    "key_name": "rooms.total_bathrooms",
    "required": true,
    "element_type": [
      "Elevations"
    ]
  },
  "Attached Bathrooms": {
    "type": "number",
    "key_name": "rooms.attached_bathrooms",
    "required": true,
    "element_type": [
      "Elevations"
    ]
  },
  "Common Bathrooms": {
    "type": "number",
    "key_name": "rooms.common_bathrooms",
    "required": true,
    "element_type": [
      "Elevations"
    ]
  },
  "Dining Room": {
    "type": "number",
    "key_name": "rooms.dining_room",
    "required": true,
    "element_type": [
      "Elevations"
    ]
  },
  "Living Room": {
    "type": "number",
    "key_name": "rooms.living_room",
    "required": true,
    "element_type": [
      "Elevations"
    ]
  },
  "Kitchen": {
    "type": "number",
    "key_name": "rooms.kitchen",
    "required": true,
    "element_type": [
      "Elevations"
    ]
  },
  "Family Room": {
    "type": "number",
    "key_name": "rooms.family_room",
    "required": true,
    "element_type": [
      "Elevations"
    ]
  },
  "Store Room": {
    "type": "number",
    "key_name": "rooms.store_room",
    "required": true,
    "element_type": [
      "Elevations"
    ]
  },
  "Pooja Room": {
    "type": "number",
    "key_name": "rooms.pooja_room",
    "required": true,
    "element_type": [
      "Elevations"
    ]
  },
  "Shops": {
    "type": "number",
    "key_name": "rooms.shops",
    "required": true,
    "element_type": [
      "Elevations"
    ]
  },
  "Balcony": {
    "type": "dropdown",
    "key_name": "open_areas_configuration.balcony",
    "required": true,
    "element_type": [
      "Elevations"
    ],
    "values": [
      "YES",
      "NO",
      "NULL"
    ]
  },
  "Type of Entrance": {
    "type": "dropdown",
    "key_name": "open_areas_configuration.type_of_entrance",
    "required": true,
    "element_type": [
      "Elevations"
    ],
    "values": [
      "Porch with Flat Slab",
      "Porch with Sloping Roof",
      "No Porch",
      "Entrance through Driveway"
    ]
  },
  "Garden": {
    "type": "dropdown",
    "key_name": "open_areas_configuration.garden",
    "required": true,
    "element_type": [
      "Elevations"
    ],
    "values": [
      "YES",
      "NO",
      "NULL"
    ]
  },
  "Courtyard": {
    "type": "dropdown",
    "key_name": "open_areas_configuration.courtyard",
    "required": true,
    "element_type": [
      "Elevations"
    ],
    "values": [
      "YES",
      "NO",
      "NULL"
    ]
  },
  "Front Yard": {
    "type": "dropdown",
    "key_name": "open_areas_configuration.frontyard",
    "required": true,
    "element_type": [
      "Elevations"
    ],
    "values": [
      "YES",
      "NO",
      "NULL"
    ]
  },
  "Back Yard": {
    "type": "dropdown",
    "key_name": "open_areas_configuration.backyard",
    "required": true,
    "element_type": [
      "Elevations"
    ],
    "values": [
      "YES",
      "NO",
      "NULL"
    ]
  },
  "Terrace": {
    "type": "dropdown",
    "key_name": "open_areas_configuration.terrace",
    "required": true,
    "element_type": [
      "Elevations"
    ],
    "values": [
      "YES",
      "NO",
      "NULL"
    ]
  },
  "Library": {
    "type": "dropdown",
    "key_name": "special_amenities.library",
    "required": true,
    "element_type": [
      "Elevations"
    ],
    "values": [
      "YES",
      "NO",
      "NULL"
    ]
  },
  "Home Theatre": {
    "type": "dropdown",
    "key_name": "special_amenities.home_theatre",
    "required": true,
    "element_type": [
      "Elevations"
    ],
    "values": [
      "YES",
      "NO",
      "NULL"
    ]
  },
  "Pool": {
    "type": "dropdown",
    "key_name": "special_amenities.pool",
    "required": true,
    "element_type": [
      "Elevations"
    ],
    "values": [
      "YES",
      "NO",
      "NULL"
    ]
  },
  "Gym": {
    "type": "dropdown",
    "key_name": "special_amenities.gym",
    "required": true,
    "element_type": [
      "Elevations"
    ],
    "values": [
      "YES",
      "NO",
      "NULL"
    ]
  },
  "Study Room": {
    "type": "dropdown",
    "key_name": "special_amenities.study_room",
    "required": true,
    "element_type": [
      "Elevations"
    ],
    "values": [
      "YES",
      "NO",
      "NULL"
    ]
  },
  "Game Room": {
    "type": "dropdown",
    "key_name": "special_amenities.game_room",
    "required": true,
    "element_type": [
      "Elevations"
    ],
    "values": [
      "YES",
      "NO",
      "NULL"
    ]
  },
  "Stylized configuration": {
    "type": "dropdown",
    "key_name": "stylized.stylized_configuration",
    "required": true,
    "element_type": [
      "Elevations"
    ],
    "values": [
      "Basic",
      "Stylized A",
      "Stylized B",
      "Stylized C"
    ]
  },
  "Brick": {
    "type": "dropdown",
    "key_name": "material_treatment.brick",
    "required": true,
    "element_type": [
      "Elevations"
    ],
    "values": [
      "YES",
      "NO",
      "NULL"
    ]
  },
  "Stone": {
    "type": "dropdown",
    "key_name": "material_treatment.stone",
    "required": true,
    "element_type": [
      "Elevations"
    ],
    "values": [
      "YES",
      "NO",
      "NULL"
    ]
  },
  "Wood": {
    "type": "dropdown",
    "key_name": "material_treatment.wood",
    "required": true,
    "element_type": [
      "Elevations"
    ],
    "values": [
      "YES",
      "NO",
      "NULL"
    ]
  },
  "Tile": {
    "type": "dropdown",
    "key_name": "material_treatment.tile",
    "required": true,
    "element_type": [
      "Elevations"
    ],
    "values": [
      "YES",
      "NO",
      "NULL"
    ]
  },
  "Aluminium composite panel": {
    "type": "dropdown",
    "key_name": "material_treatment.aluminium_composite_panel",
    "required": true,
    "element_type": [
      "Elevations"
    ],
    "values": [
      "YES",
      "NO",
      "NULL"
    ]
  },
  "Glass curtain wall": {
    "type": "dropdown",
    "key_name": "material_treatment.glass_curtain_wall",
    "required": true,
    "element_type": [
      "Elevations"
    ],
    "values": [
      "YES",
      "NO",
      "NULL"
    ]
  },
  "Pergola": {
    "type": "dropdown",
    "key_name": "structural_elements.pergola",
    "required": true,
    "element_type": [
      "Elevations"
    ],
    "values": [
      "YES",
      "NO",
      "NULL"
    ]
  },
  "Jaali": {
    "type": "dropdown",
    "key_name": "structural_elements.jaali",
    "required": true,
    "element_type": [
      "Elevations"
    ],
    "values": [
      "YES",
      "NO",
      "NULL"
    ]
  },
  "Green wall": {
    "type": "dropdown",
    "key_name": "structural_elements.green_wall",
    "required": true,
    "element_type": [
      "Elevations"
    ],
    "values": [
      "YES",
      "NO",
      "NULL"
    ]
  },
  "Planter": {
    "type": "dropdown",
    "key_name": "structural_elements.planter",
    "required": true,
    "element_type": [
      "Elevations"
    ],
    "values": [
      "YES",
      "NO",
      "NULL"
    ]
  },
  "Double height open area": {
    "type": "dropdown",
    "key_name": "structural_elements.double_height_open_area",
    "required": true,
    "element_type": [
      "Elevations"
    ],
    "values": [
      "YES",
      "NO",
      "NULL"
    ]
  },
  "Elevation element": {
    "type": "dropdown",
    "key_name": "structural_elements.elevation_element",
    "required": true,
    "element_type": [
      "Elevations"
    ],
    "values": [
      "YES",
      "NO",
      "NULL"
    ]
  },
  "Color scheme": {
    "type": "dropdown",
    "key_name": "colors.color_scheme",
    "required": true,
    "element_type": [
      "Elevations"
    ],
    "values": [
      "Neutral",
      "Bright",
      "Dull",
      "Pastel",
      "White with Accent Colors"
    ]
  },
  "Color used": {
    "type": "string",
    "key_name": "colors.color_used",
    "required": true,
    "element_type": [
      "Elevations"
    ]
  },
  "Left Set Back": {
    "type": "feetAndInches",
    "key_name": "plot_details.left_set_back",
    "required": true,
    "element_type": [
      "Elevations"
    ]
  },
  "Right Set Back": {
    "type": "feetAndInches",
    "key_name": "plot_details.right_set_back",
    "required": true,
    "element_type": [
      "Elevations"
    ]
  },
  "Front Set Back": {
    "type": "feetAndInches",
    "key_name": "plot_details.front_set_back",
    "required": true,
    "element_type": [
      "Elevations"
    ]
  },
  "Rear Set Back": {
    "type": "feetAndInches",
    "key_name": "plot_details.rear_set_back",
    "required": true,
    "element_type": [
      "Elevations"
    ]
  },
  "Porch": {
    "type": "dropdown",
    "key_name": "open_areas_configuration.porch",
    "required": true,
    "element_type": [
      "Elevations"
    ],
    "values": [
      "YES",
      "NO",
      "NULL"
    ]
  },
  "Verandah": {
    "type": "dropdown",
    "key_name": "open_areas_configuration.verandah",
    "required": true,
    "element_type": [
      "Elevations"
    ],
    "values": [
      "YES",
      "NO",
      "NULL"
    ]
  },
  "Reference images": {
    "type": "image_link",
    "key_name": "reference_images",
    "required": true,
    "file_type": [
      "jpg",
      "png",
      "gif",
      "tiff"
    ],
    "element_type": [
      "Elevations"
    ]
  },
  "Vault": {
    "type": "string",
    "key_name": "structural_elements.vault",
    "required": true,
    "element_type": [
      "Elevations"
    ]
  },
  "Partner id": {
    "type": "string",
    "key_name": "partner_details.partner_id",
    "required": true,
    "element_type": [
      "Elevations"
    ]
  },
  "Partner name": {
    "type": "string",
    "key_name": "partner_details.partner_name",
    "required": true,
    "element_type": [
      "Elevations"
    ]
  },
  "Project id": {
    "type": "number",
    "key_name": "partner_details.project_id",
    "required": true,
    "element_type": [
      "Elevations"
    ]
  },
  "Project title": {
    "type": "string",
    "key_name": "partner_details.project_title",
    "required": true,
    "element_type": [
      "Elevations"
    ]
  },
  "Partner number": {
    "type": "number",
    "key_name": "partner_details.partner_number",
    "required": true,
    "element_type": [
      "Elevations"
    ]
  },
  "Is Active": {
    "type": "dropdown",
    "key_name": "is_active",
    "required": false,
    "values": [
      0,
      1
    ],
    "element_type": [
      "Door",
      "Columns",
      "Elevations",
      "Grill",
      "Gates",
      "Porch",
      "Roof",
      "Compound Wall",
      "Window",
      "Staircase"
    ]
  },
  "Number of times reused": {
    "type": "number",
    "key_name": "number_of_times_reused",
    "required": true,
    "element_type": [
      "Door",
      "Columns",
      "Elevations",
      "Grill",
      "Gates",
      "Porch",
      "Roof",
      "Compound Wall",
      "Window",
      "Staircase"
    ]
  },
  "Number of times viewed": {
    "type": "number",
    "key_name": "number_of_times_viewed",
    "required": true,
    "element_type": [
      "Door",
      "Columns",
      "Elevations",
      "Grill",
      "Gates",
      "Porch",
      "Roof",
      "Compound Wall",
      "Window",
      "Staircase"
    ]
  },
  "Created By": {
    "type": "string",
    "key_name": "created_by",
    "required": false,
    "element_type": [
      "Door",
      "Columns",
      "Elevations",
      "Grill",
      "Gates",
      "Porch",
      "Roof",
      "Compound Wall",
      "Window",
      "Staircase"
    ]
  },
  "Updated By": {
    "type": "string",
    "key_name": "updated_by",
    "required": false,
    "element_type": [
      "Door",
      "Columns",
      "Elevations",
      "Grill",
      "Gates",
      "Porch",
      "Roof",
      "Compound Wall",
      "Window",
      "Staircase"
    ]
  },
  "Created At": {
    "type": "string",
    "key_name": "created_at",
    "required": false,
    "element_type": [
      "Door",
      "Columns",
      "Elevations",
      "Grill",
      "Gates",
      "Porch",
      "Roof",
      "Compound Wall",
      "Window",
      "Staircase"
    ]
  },
  "Updated At": {
    "type": "string",
    "key_name": "updated_at",
    "required": false,
    "element_type": [
      "Door",
      "Columns",
      "Elevations",
      "Grill",
      "Gates",
      "Porch",
      "Roof",
      "Compound Wall",
      "Window",
      "Staircase"
    ]
  },
  "Status": {
    "type": "string",
    "key_name": "status",
    "required": false,
    "element_type": [
      "Door",
      "Columns",
      "Elevations",
      "Grill",
      "Gates",
      "Porch",
      "Roof",
      "Compound Wall",
      "Window",
      "Staircase"
    ]
  },
  "Valid": {
    "type": "string",
    "key_name": "valid",
    "required": false,
    "element_type": [
      "Door",
      "Columns",
      "Elevations",
      "Grill",
      "Gates",
      "Porch",
      "Roof",
      "Compound Wall",
      "Window",
      "Staircase"
    ]
  },
  "Invalid": {
    "type": "string",
    "key_name": "invalid",
    "required": false,
    "element_type": [
      "Door",
      "Columns",
      "Elevations",
      "Grill",
      "Gates",
      "Porch",
      "Roof",
      "Compound Wall",
      "Window",
      "Staircase"
    ]
  },
  "Duplicate": {
    "type": "string",
    "key_name": "duplicate",
    "required": false,
    "element_type": [
      "Door",
      "Columns",
      "Elevations",
      "Grill",
      "Gates",
      "Porch",
      "Roof",
      "Compound Wall",
      "Window",
      "Staircase"
    ]
  }
}