{
    "/v1/plans/listFilters": {
        "ttl": 43200,
        "cacheable": true,
        "prefix": "plans_list_filters"
    },
    "/v1/plans/add": {
        "deleteKeys": [
            {
                "prefix": "plans_list_filters",
                "suffix": "/v1/plans/listFilters"
            }
        ]
    },
    "/v1/plans/update": {
        "deleteKeys": [
            {
                "prefix": "plans_list_filters",
                "suffix": "/v1/plans/listFilters"
            }
        ]
    },
    "/v1/plans/delete": {
        "deleteKeys": [
            {
                "prefix": "plans_list_filters",
                "suffix": "/v1/plans/listFilters"
            }
        ]
    },
    "/v1/plans/bulkUploadPlan": {
        "deleteKeys": [
            {
                "prefix": "plans_list_filters",
                "suffix": "/v1/plans/listFilters"
            }
        ]
    },
    "/v1/styles/listFilters": {
        "ttl": 43200,
        "cacheable": true,
        "prefix": "styles_list_filters"
    },
    "/v1/styles/add": {
        "deleteKeys": [
            {
                "prefix": "styles_list_filters",
                "suffix": "/v1/styles/listFilters"
            }
        ]
    },
    "/v1/styles/update": {
        "deleteKeys": [
            {
                "prefix": "styles_list_filters",
                "suffix": "/v1/styles/listFilters"
            }
        ]
    },
    "/v1/styles/delete": {
        "deleteKeys": [
            {
                "prefix": "styles_list_filters",
                "suffix": "/v1/styles/listFilters"
            }
        ]
    },
    "/v1/styles/bulkUploadStyles": {
        "deleteKeys": [
            {
                "prefix": "styles_list_filters",
                "suffix": "/v1/styles/listFilters"
            }
        ]
    },
    "/v1/plans/getFavourite": {
        "ttl": 43200,
        "cacheable": true,
        "prefix": "plans_get_favourite"
    },
    "/v1/styles/getFavourite": {
        "ttl": 43200,
        "cacheable": true,
        "prefix": "styles_get_favourite"
    },
    "/v1/userProfileAction/addFavorite": {
        "deleteKeys": [
            {
                "type": "style",
                "prefix": "styles_get_favourite",
                "suffix": "/v1/styles/getFavourite"
            },
            {
                "type": "plan",
                "prefix": "plans_get_favourite",
                "suffix": "/v1/plans/getFavourite"
            }
        ]
    },
    "/v1/userProfileAction/removeFavorite": {
        "deleteKeys": [
            {
                "type": "style",
                "prefix": "styles_get_favourite",
                "suffix": "/v1/styles/getFavourite"
            },
            {
                "type": "plan",
                "prefix": "plans_get_favourite",
                "suffix": "/v1/plans/getFavourite"
            }
        ]
    }
}